playerId,Name,Sex,Equipment,Age,BodyweightKg,BestSquatKg,BestDeadliftKg
2308.0,Peter Neeves,M,Wraps,30.0,89.81,179.17,192.78
22404.0,Josh Padilla,M,Raw,27.0,74.95,125.0,165.0
23397.0,Luke Dreier,M,Wraps,30.0,122.61,290.0,317.5
25058.0,Jacob New,M,Raw,20.0,88.0,187.5,240.0
2664.0,Jesse Burdick,M,Wraps,30.0,122.0,235.01,275.01
8511.0,Jake Minnis,M,Raw,25.0,67.0,185.0,190.0
5148.0,Michelle Paquette,F,Raw,30.0,58.8,102.5,147.5
7790.0,Laura Lay,F,Raw,32.0,62.4,80.0,105.0
11311.0,Jared O'Grady,M,Wraps,39.0,52.0,120.0,172.5
19043.0,Adrian Solana Guerrero,M,Single-ply,22.5,91.62,250.0,290.0
10784.0,Robert Lee,M,Wraps,37.0,138.25,272.5,245.0
22246.0,Marc Giguere,M,Raw,48.0,81.92,125.0,170.0
3268.0,Wade Jenkins,M,Wraps,,99.2,197.5,245.0
15947.0,Taz Cox,M,Wraps,25.0,98.0,235.0,225.0
14977.0,Linh Vu,M,Raw,31.5,72.25,190.0,240.0
14474.0,Shane Brinker,M,Raw,24.5,82.3,202.5,237.5
28694.0,Eric Sloan,M,Single-ply,27.5,85.5,205.0,247.5
14054.0,Darko Lazarević,M,Wraps,34.5,107.1,285.0,280.0
26545.0,Cliff Privetera,M,Raw,46.0,113.26,260.0,260.0
14980.0,David Garza,M,Raw,18.5,97.4,272.5,227.5
17636.0,Ashley Yost,F,Raw,25.5,71.34,147.5,145.0
3931.0,Derek McCormick,M,Raw,23.5,64.15,140.0,185.0
8387.0,Chrissy Dask,F,Raw,,57.0,130.0,147.5
8028.0,Liz Rivera,F,Wraps,20.0,59.4,125.0,122.5
9482.0,Luis Molina,M,Raw,23.0,94.1,200.0,235.0
22572.0,Jenna Marcinkowski,F,Raw,21.0,81.2,137.5,162.5
15107.0,Fabian Vilani,M,Raw,30.5,77.05,140.0,210.0
3673.0,Sonya Wolf,F,Wraps,47.0,83.01,102.5,135.0
21388.0,Christian Williams,M,Raw,17.0,66.35,167.5,220.0
5937.0,Brian Schwarzentruber,M,Raw,51.5,102.6,202.5,225.0
27033.0,Paul Clarke,M,Raw,,117.9,222.5,250.0
29271.0,Wesley Yutko,M,Raw,18.5,73.8,127.0,161.0
21880.0,Christian Wheeler,M,Wraps,24.0,92.71,145.0,170.0
6508.0,Buddy Nichols,M,Multi-ply,51.0,88.9,305.0,282.5
21457.0,Christian Knobloch,M,Raw,19.5,92.8,165.0,190.0
20071.0,Randy Loke,M,Raw,24.5,65.16,182.5,255.0
27012.0,Sara Berlin,F,Wraps,24.0,127.69,210.0,197.5
10092.0,Michael Plavchak,M,Single-ply,23.0,89.0,247.5,272.5
22567.0,Justin Davis,M,Raw,32.0,107.0,235.0,250.0
12976.0,Lauren Fink,F,Raw,24.0,74.1,92.5,122.5
3813.0,Samuel Boys,M,Wraps,23.0,99.25,295.0,340.0
7337.0,Ashley Smith,F,Raw,39.0,74.12,102.5,162.5
24483.0,Jennifer Thompson,F,Raw,37.0,59.76,140.0,175.0
19592.0,Carl Yngvar Christensen,M,Single-ply,23.5,168.02,490.0,390.0
5121.0,Bellice Olima,F,Wraps,41.0,110.1,145.0,170.0
14905.0,Brianne McVicker,F,Raw,34.0,74.3,125.0,152.5
8223.0,Nick Kroussos,M,Wraps,25.0,72.3,210.0,225.0
2868.0,Javier Fernandez,M,Raw,15.0,90.0,142.88,149.69
2342.0,Diego Gallegos,M,Single-ply,17.5,52.2,150.0,185.0
8832.0,Bebe Burns,F,Raw,73.5,51.24,55.0,67.5
7932.0,Timothy Kim,M,Raw,32.0,81.74,220.0,225.0
16557.0,Nathan Toombs,M,Raw,16.0,97.8,152.5,167.5
20604.0,Jennifer Plummer,F,Raw,,66.86,135.0,150.0
12983.0,Michelle Collier,F,Raw,46.5,88.8,102.5,150.0
3014.0,Andrew Cargill,M,Raw,15.5,71.8,125.0,165.0
27331.0,Amanda Bussett,F,Raw,29.0,73.4,125.0,175.0
12124.0,Haley Horbinski,F,Single-ply,15.0,55.5,105.0,122.5
3752.0,Isaac Dutcher,M,Raw,13.5,45.0,50.0,65.0
27387.0,Chris Bartley,M,Raw,40.0,88.63,255.0,300.0
12335.0,Nicholas Carter,M,Raw,20.0,71.6,142.5,205.0
11544.0,Alyssa Denny,F,Wraps,26.0,67.49,125.0,137.5
11356.0,George Friberg,M,Single-ply,17.5,74.1,217.5,207.5
2676.0,Amanda Lewis,F,Raw,36.0,74.4,140.0,170.0
28738.0,Eric Nayden,M,Multi-ply,31.0,107.05,230.0,205.0
29995.0,Amy Welcome,F,Raw,30.5,71.0,61.2,61.2
20747.0,Andrew Williams,M,Single-ply,25.0,82.1,185.0,240.0
13375.0,Karissa Murphy,F,Raw,21.5,92.1,137.5,160.0
17986.0,Jeff Hughes,M,Raw,70.5,83.0,135.0,177.5
7885.0,Laura Legault,F,Raw,32.5,62.0,97.5,117.5
13332.0,Yoriko Sakamaki,F,Single-ply,22.5,51.95,130.0,157.5
9585.0,Dmitry Tumin,M,Raw,25.0,71.7,180.0,230.0
6332.0,Melissa Paice,F,Raw,26.5,68.0,115.0,120.0
24429.0,Mara Swanson,F,Raw,21.5,61.45,100.0,107.5
18079.0,Jamie McDougal,M,Wraps,45.0,82.1,245.0,295.0
5201.0,Levi Perez,M,Raw,25.0,80.7,215.0,250.0
747.0,Ben Cochrane-Davies,M,Raw,51.5,122.65,150.0,190.0
9760.0,Sharmin Mahmud,F,Raw,19.5,63.1,115.0,130.0
29612.0,Michael Peterson,M,Wraps,36.0,66.3,77.5,130.0
19992.0,Ismael Delgado,M,Raw,24.0,96.07,192.5,237.5
23189.0,Edward Cywinski,M,Raw,32.5,91.2,207.5,215.0
25535.0,Jillian Phillips,F,Raw,28.0,100.6,150.0,175.0
17963.0,Joseph Wu,M,Raw,22.5,91.55,155.0,187.5
25246.0,Jon Miller,M,Raw,32.0,89.6,220.0,270.0
5081.0,Brandon Roseborough,M,Raw,19.5,65.6,162.5,180.0
9350.0,Maria Alonso,F,Raw,59.0,79.9,55.0,92.5
10982.0,Clare Suhanich,F,Raw,60.5,76.1,87.5,87.5
23621.0,Matthew Sananikone,M,Raw,21.5,65.5,162.5,215.0
13235.0,David Andrews,M,Raw,54.0,89.6,140.0,175.0
19367.0,Nicklas Bruske,M,Raw,19.5,80.4,185.0,222.5
1190.0,Edwin Knoblock,M,Wraps,26.0,115.55,295.0,337.5
821.0,Andy Cavanagh,M,Raw,41.0,82.0,185.0,252.5
15878.0,Shoshana Holzberg-Pill,F,Raw,32.5,61.8,82.5,102.5
20497.0,Cynthia Tran,F,Raw,28.5,51.8,97.5,127.5
9419.0,Ross Katsambis,M,Wraps,27.0,101.6,210.0,220.0
28100.0,Kevin Linton,M,Single-ply,14.5,63.4,137.5,155.0
8892.0,Maria Burova,F,Raw,19.5,46.35,90.0,107.5
4461.0,Mayra Solorzano,F,Raw,26.5,56.6,117.5,120.0
25229.0,Amy I'Anson,F,Raw,24.5,71.75,127.5,150.0
29985.0,Tyler Creevy,M,Raw,28.0,88.7,175.0,217.5
12606.0,Victoria Cocker,F,Raw,16.5,78.0,117.5,145.0
25978.0,Phillip Lau,M,Raw,30.0,95.8,127.5,145.0
19132.0,John Guseman,M,Raw,15.0,79.83,165.0,190.0
14740.0,Alex Murphy,M,Raw,18.5,107.5,175.0,205.0
12146.0,Sarah Shotwell,F,Raw,23.0,74.21,87.5,122.5
2744.0,Michael Lafiandra,M,Raw,29.0,80.2,150.0,225.0
10114.0,Karen Poyner,F,Raw,61.0,43.3,75.0,110.0
2383.0,Pieter Uys,M,Raw,28.5,89.5,165.0,210.0
9153.0,Lu Galvez,M,Raw,26.0,88.5,230.0,250.0
1406.0,Ruben Garcia,M,Raw,26.0,106.6,212.5,227.5
16560.0,Ethan Radin,M,Raw,25.0,74.8,207.5,237.5
19361.0,Jessica Osborne,F,Raw,37.5,69.0,120.0,117.5
10342.0,Nadia Gonzalez,F,Raw,25.0,75.0,57.5,102.5
27756.0,Chris Marinucci,M,Raw,28.0,74.2,150.0,217.5
17614.0,Tiffiny Wohlers,F,Raw,24.5,81.11,172.5,200.0
19906.0,Jason Shepherd,M,Wraps,40.0,108.86,145.0,190.0
24530.0,Nicola Adamchik,F,Raw,38.0,67.2,117.5,150.0
27308.0,Daniel Kranitz,M,Wraps,21.0,122.7,300.0,300.0
17788.0,Jessica Fresh,F,Wraps,24.0,55.9,140.0,137.5
13075.0,Carlos Johansson,M,Raw,23.5,100.9,160.0,200.0
22089.0,Diane Anderson,F,Wraps,57.0,92.9,117.5,130.0
28573.0,Irani Rodrigues,F,Single-ply,29.5,56.1,175.0,180.0
20568.0,Beaudean Lines,M,Wraps,33.0,86.1,220.0,230.0
17890.0,Addison Didcoct,F,Raw,21.0,59.8,80.0,92.5
16837.0,Pete Nees,M,Single-ply,32.5,103.5,305.0,277.5
6552.0,Sean Faulkner,M,Single-ply,17.0,75.0,136.08,156.49
19637.0,Justin Healy,M,Multi-ply,36.0,124.2,370.0,277.5
18294.0,Joshua Reyes,M,Raw,15.0,110.0,170.1,158.76
2876.0,Brandon Ramsey,M,Raw,23.0,82.2,207.5,227.5
2982.0,Louis Pease,F,Raw,84.5,89.8,37.5,90.0
17410.0,Nicole Ordway,F,Wraps,25.0,98.11,257.5,197.5
15162.0,Marie Daniel-Marsh,F,Raw,32.5,55.5,115.0,125.0
2153.0,Thi Ngo,M,Raw,23.0,77.8,182.5,172.5
18700.0,Jaycee Cabrito,M,Wraps,26.0,80.85,172.5,202.5
7667.0,Sierra Jennings,F,Raw,21.5,81.1,150.0,182.5
15243.0,Jan More,M,Raw,22.5,69.95,185.0,240.0
16857.0,Joe Hummel,M,Raw,61.5,91.6,160.0,182.5
13961.0,Alex Conover,M,Raw,19.0,127.5,227.5,252.5
217.0,Vanessa Fernandez,F,Raw,33.0,65.8,132.5,145.0
23287.0,Razalia Churagulova,F,Raw,17.5,61.42,110.0,127.5
2213.0,Jake Sears,M,Wraps,19.0,89.0,212.5,252.5
6580.0,Fredrik Svensson,M,Single-ply,33.5,147.3,372.5,322.5
27602.0,Blake Parado,M,Raw,27.0,74.57,190.0,232.5
19376.0,Ronnie Cormier,M,Raw,19.5,74.0,190.0,227.5
7539.0,Lyndon Le,M,Raw,20.5,73.8,195.0,232.5
14976.0,Tram To,F,Raw,28.0,64.25,125.0,150.0
10128.0,Tiffany Tat,F,Raw,21.0,55.75,120.0,125.0
5705.0,Amy Marie,F,Wraps,36.0,55.25,107.5,139.98
5953.0,Charles Bagsby,M,Single-ply,17.0,67.5,124.74,170.1
538.0,Carly Cholewa,F,Raw,31.0,66.3,80.0,117.5
21663.0,Chris Leech,M,Wraps,30.0,123.0,150.0,182.5
21567.0,Dakota Hanson,F,Raw,20.0,66.8,80.0,117.5
28982.0,Kailey Brookshire,F,Single-ply,14.5,47.8,72.6,97.5
7427.0,Morgan Dynes,F,Single-ply,18.5,80.9,157.5,165.0
20725.0,Robert Frost,M,Raw,66.5,61.95,70.0,125.0
4181.0,Darrell Mixon,M,Wraps,31.0,87.7,200.0,240.0
18701.0,Sebastian Enriquez,M,Wraps,17.0,122.0,230.0,230.0
15414.0,Jason Franklin,M,Wraps,40.0,89.18,183.7,226.8
12154.0,Melinda Wormold,F,Raw,24.5,78.65,105.0,130.0
579.0,Neil Touchet,M,Raw,51.0,67.5,165.0,205.0
2168.0,Jennifer Huerta,F,Wraps,40.0,66.95,117.5,120.0
24419.0,Mark Leahy,M,Raw,53.0,89.6,167.5,197.5
250.0,Traviz Cabatingan,F,Raw,31.0,80.95,142.5,177.5
15692.0,Ayngelia Ara,F,Raw,35.0,59.4,127.5,175.0
9971.0,Pala'ela'ehoku Alapai-Rezabek,F,Raw,36.5,73.5,97.5,130.0
16180.0,Samuel Lytle,M,Raw,23.0,110.0,200.0,195.0
11489.0,Eric Armbruster,M,Single-ply,17.5,115.44,220.0,238.1
9144.0,Samuel Chen,M,Raw,18.5,69.1,172.5,200.0
29432.0,Thomas Delorimiere,M,Raw,45.0,160.75,250.0,227.5
25790.0,Anar Omarov,M,Wraps,31.0,118.0,280.0,265.0
5771.0,Sandy Wentzel,F,Wraps,38.0,82.2,130.0,160.0
26746.0,Darshika Premkumar,F,Raw,28.5,47.0,90.0,115.0
2325.0,Lisa Raimondi,F,Raw,43.0,67.49,106.59,145.15
15430.0,Valentina Vermenyuk,F,Single-ply,29.5,51.67,185.0,170.0
430.0,David Chuha,M,Raw,32.0,82.33,160.0,207.5
10768.0,Noel Tuvera,M,Raw,20.5,64.0,192.5,200.0
2532.0,Jonathan Miller,M,Raw,19.5,72.7,145.0,187.5
2457.0,Martin Esparza,M,Raw,23.0,88.72,217.5,270.0
19186.0,Adam Loughlin,M,Raw,22.5,99.6,157.5,220.0
27235.0,Virginia Kovacs,F,Raw,38.5,61.4,87.5,107.5
22291.0,David Muñoz,M,Raw,28.0,89.58,175.0,217.5
11212.0,Abe Weins,M,Wraps,29.0,99.79,292.5,320.0
505.0,Elliott Shults,M,Raw,28.0,101.7,282.5,300.0
23112.0,Melton Harrell,M,Raw,76.0,78.3,120.0,147.5
18779.0,Christopher Young,M,Raw,31.5,77.4,130.0,177.5
19082.0,Wei-Ling Chen,F,Single-ply,30.5,46.56,197.5,185.5
17894.0,Oleksandr Dubovoi,M,Raw,34.5,107.29,315.0,280.0
19006.0,Maria Young,F,Raw,19.0,63.5,95.0,122.5
19690.0,Kristopher Frazier,M,Raw,28.0,147.6,272.5,267.5
27093.0,Steven Kahn,M,Raw,22.5,81.13,200.0,237.5
23179.0,Nicholas Lombardi,M,Raw,19.5,75.7,165.0,217.5
12626.0,Michael Leithner,M,Raw,27.0,123.5,240.0,285.0
3834.0,Clayton Abalos,M,Raw,27.0,74.6,165.0,207.5
1330.0,Mike Cannon,M,Raw,38.0,108.32,267.5,287.5
21466.0,Darwin Robinson,M,Wraps,26.0,108.7,300.0,242.5
23828.0,Kenzie Svoboda,F,Single-ply,16.5,56.52,102.1,133.8
2541.0,Scott Berta,M,Raw,26.0,99.38,222.5,265.0
28612.0,Vaughn Van Doren,M,Raw,20.5,80.1,155.0,195.0
21995.0,Anthony Tang,M,Raw,23.5,58.9,180.0,224.0
11899.0,Nathan Walton,M,Single-ply,40.5,75.3,295.0,305.0
25872.0,Chuck Verret,M,Raw,42.0,79.33,140.0,182.5
26225.0,Teemu Mutikainen,M,Raw,26.5,103.82,270.0,310.0
15805.0,David Thomas,M,Wraps,28.0,89.7,240.0,235.0
9555.0,Tiffany Lam,F,Raw,16.5,49.0,65.0,62.5
7567.0,Jennifer Zook,F,Raw,41.0,77.5,57.5,100.0
3507.0,Kristel Modderman,F,Single-ply,28.0,52.0,75.0,130.0
8834.0,Jaime Avery,F,Raw,42.0,64.9,105.0,122.5
18784.0,Ariana Shnurman,F,Raw,26.5,85.0,120.0,142.5
29857.0,Dean Nascimben,M,Wraps,51.0,97.52,233.6,256.28
23587.0,Douglas Neou,M,Raw,18.5,69.9,175.0,200.0
28267.0,Tanner Martin,M,Raw,26.0,81.05,180.0,237.5
5844.0,Nashali Covello,F,Raw,,73.8,147.5,165.0
26476.0,Raquel Ginez,F,Raw,37.0,61.25,80.0,87.5
24198.0,Klausmeine Banda,M,Raw,22.0,65.54,115.0,150.0
28881.0,Scott Diamond,M,Raw,39.5,102.75,200.0,237.5
4845.0,Drew Cheatham,M,Wraps,32.0,136.76,365.0,317.5
4985.0,Dayan Neely,M,Multi-ply,39.0,107.1,370.0,320.0
23399.0,Lynn Stoltz,F,Wraps,24.0,66.59,105.0,142.5
25569.0,Nick Cambero,M,Single-ply,19.0,72.12,177.5,197.5
20262.0,Antwine McFarland,M,Raw,27.5,176.9,272.2,226.8
20856.0,Lin Donevska,F,Raw,53.5,62.45,100.0,117.5
26822.0,Rob Mentha,M,Raw,27.5,92.5,225.0,235.0
9317.0,Tyler Frost,M,Raw,31.0,108.2,240.0,300.0
25506.0,Tyler Nolen,M,Raw,22.0,80.6,192.5,202.5
14847.0,Davin Thullesen,M,Raw,15.0,109.1,170.0,227.5
7842.0,Caleb Wong,M,Raw,20.5,73.75,182.5,225.0
28647.0,Isaiah Dunn,M,Raw,17.5,81.5,165.0,170.0
29984.0,Shane Corbett,M,Raw,18.5,90.1,220.0,260.0
13048.0,Tyler David,M,Raw,17.5,124.75,195.0,200.0
25099.0,Bill Bowen,M,Raw,32.5,134.4,265.0,267.5
14856.0,Thomas Schell,M,Single-ply,15.5,54.25,142.5,145.0
25013.0,Emelie Pettersson,F,Raw,35.5,113.84,220.0,200.0
10739.0,Ryan Andris,M,Raw,25.0,74.0,137.5,182.5
16094.0,Teresa Merkelbach,F,Single-ply,22.0,93.44,62.5,112.5
2208.0,Erica Wagner,F,Wraps,17.0,63.0,67.5,92.5
18840.0,Jay Jadoo,M,Raw,24.0,82.0,200.0,205.0
28272.0,Kyle Smith,F,Raw,21.5,63.0,125.0,140.0
22372.0,Marianna Bogdanova,F,Raw,31.5,56.59,115.0,145.0
2266.0,Jacqueline Gonzalez,F,Wraps,18.0,71.4,155.0,132.5
5226.0,Jodie Watson,F,Wraps,36.0,59.2,125.0,155.0
28301.0,Justin Clifford,M,Wraps,30.0,126.7,305.0,337.5
21578.0,Abel Castaneda,M,Raw,18.0,88.55,170.0,222.5
20122.0,Austin Burnett,M,Raw,22.0,80.8,177.5,250.0
17892.0,Harry Jackson,M,Single-ply,22.0,88.15,235.0,275.0
20927.0,Brett Gibbs,M,Raw,25.5,82.85,292.5,321.5
13022.0,Alex Kutches,M,Wraps,23.0,90.0,192.5,232.5
20736.0,Marry Su,F,Raw,47.0,54.1,90.5,122.5
27366.0,Stephanie Cantrell,F,Raw,38.0,79.8,130.0,167.5
11740.0,Zack Bartell,M,Raw,18.0,89.45,175.0,215.0
6547.0,Jaime Staples,F,Raw,31.5,83.4,130.0,145.0
3282.0,Angie Beard,F,Wraps,44.0,71.9,110.0,127.5
15614.0,Stacey Bryant,F,Raw,21.5,49.55,80.0,120.0
23661.0,Tommy Hastings,M,Raw,39.0,107.23,225.0,272.0
2276.0,Christian Arias,M,Wraps,23.0,98.8,302.5,280.0
26050.0,Daniel Wesley,M,Raw,15.5,79.9,100.0,132.5
12354.0,Carly Adams,F,Raw,20.5,71.1,105.0,122.5
16485.0,Josh Garza,M,Raw,25.0,75.39,150.0,180.0
19535.0,Daniel Lewis,M,Raw,25.0,60.3,135.0,167.5
18673.0,Cameron Radke,F,Raw,48.5,106.7,90.0,142.5
8696.0,Christopher Aggett,M,Raw,20.5,136.4,230.0,300.0
22564.0,Drake Bittner,M,Wraps,25.0,81.2,220.0,227.5
16379.0,Mitch Ward,M,Wraps,31.0,99.7,227.5,267.5
25294.0,Lee Preece,M,Wraps,29.0,82.3,247.5,230.0
28680.0,Oleg Gagin,M,Single-ply,36.5,171.8,445.0,300.0
24991.0,Bill Schemel,M,Single-ply,57.5,105.7,215.0,232.5
29669.0,Russ Barlow,M,Multi-ply,51.0,125.0,396.89,317.51
5836.0,Andrew Tang,M,Raw,20.5,80.25,182.5,235.0
10235.0,Jonathan Kupetz,M,Raw,33.5,92.5,217.5,245.0
22824.0,Tabitha Todd,F,Raw,33.0,64.7,97.5,115.0
279.0,Nick Forte,M,Wraps,23.0,99.3,267.5,300.0
22376.0,Joseph Nielson,M,Raw,35.0,105.4,150.0,175.0
25273.0,Rocky Molina II,M,Raw,30.0,120.8,272.5,275.0
5160.0,Joseph Holzschuh,M,Wraps,49.0,95.8,200.0,240.0
29752.0,Ethan Farris,M,Wraps,24.0,108.32,217.72,294.84
3690.0,Dylan Polo,M,Wraps,24.0,105.9,330.0,355.0
5915.0,Robert Rozin,M,Raw,20.5,102.8,180.0,215.0
11578.0,Gillian Mainguy,F,Wraps,37.0,73.0,75.0,100.0
18078.0,Corinn Williams,F,Raw,27.5,77.2,140.0,147.5
19536.0,Ashley Milner,F,Raw,,63.5,72.5,87.5
26023.0,Ashley Gove,F,Raw,27.0,108.41,137.5,155.0
29719.0,Tina Collins,F,Raw,48.0,80.45,142.5,170.0
21739.0,Jessica Saywell,F,Raw,25.5,74.5,135.0,180.0
25743.0,Chris Gordon-Brown,M,Raw,31.5,94.85,165.0,182.5
20552.0,Logan Whitfill,F,Raw,19.0,59.6,112.5,125.0
11702.0,John Hyer,M,Wraps,29.0,89.36,237.5,247.5
11514.0,Alexander Nieto,M,Raw,28.0,88.9,212.5,235.0
9006.0,Zachary Einhorn,M,Raw,23.0,88.8,170.0,217.5
11742.0,Jason Kelske,M,Single-ply,31.0,98.97,235.0,292.5
28261.0,Grant Roberts,M,Wraps,26.0,102.2,195.0,250.0
16469.0,Daniel Harris,M,Raw,25.5,89.35,217.5,270.0
13676.0,Tony Reinmuth,M,Raw,24.5,140.16,315.0,326.0
20163.0,Michael Peterson,M,Raw,25.0,72.6,170.0,225.0
16785.0,Jake Monroe,M,Raw,28.5,94.02,230.0,280.0
29322.0,Catrin Resch,F,Single-ply,48.5,46.46,132.5,132.5
15693.0,Steven Stapley,M,Wraps,29.0,72.5,210.0,225.0
17335.0,Austin Allen Smith,M,Wraps,14.0,69.81,83.91,136.08
3735.0,William Bombard,M,Raw,53.5,90.3,147.5,187.5
25484.0,April Addis,F,Raw,26.0,78.7,127.5,160.0
3643.0,Nick Dorn,M,Raw,26.5,103.6,270.0,297.5
7198.0,Cameron Ray,M,Raw,27.5,92.4,137.5,185.0
25365.0,Renay Ferguson,F,Raw,34.5,92.4,105.0,140.0
24936.0,Derek Cusack,M,Raw,36.5,144.6,187.5,215.0
21305.0,Alexis Penke,F,Multi-ply,16.0,58.74,92.5,105.0
29365.0,Angela Mayor,F,Raw,27.0,59.8,95.0,127.5
21523.0,Levi Coder,M,Raw,18.5,74.2,182.5,205.0
21718.0,Monica Coronel,F,Raw,43.5,69.8,120.0,145.0
1837.0,Justin Johnson,M,Raw,23.5,80.8,137.5,187.5
29915.0,Daria Efimtseva,F,Single-ply,16.5,114.41,230.0,187.5
10984.0,Noel Alegado,M,Raw,28.0,82.4,145.0,220.0
9303.0,Allie Perry,F,Raw,15.0,96.6,115.0,137.5
12799.0,Vasiliy Omelchenko,M,Single-ply,35.5,120.05,400.0,355.0
1457.0,Michael Kossen,M,Single-ply,30.5,154.1,345.0,320.0
1092.0,Louie Vaith,M,Wraps,37.0,123.8,182.5,295.0
4149.0,Heather Hoff,F,Raw,27.5,54.6,102.5,145.0
11008.0,Bryan Dermody,M,Raw,37.5,119.6,265.0,335.0
27068.0,Jordon Prondzinski,M,Raw,16.5,116.55,235.0,237.5
9189.0,Anahi De Jesus,F,Single-ply,15.5,87.9,115.0,115.0
4932.0,Peter Ramos,M,Raw,24.0,74.9,180.0,237.5
14465.0,Russell Gan,M,Raw,22.5,73.85,187.5,227.5
4556.0,Zoltán Karsai,M,Wraps,43.0,93.5,250.0,260.0
11488.0,Amy Noland,F,Raw,50.0,55.2,72.5,97.5
12074.0,Micheale Morgan,F,Raw,22.0,52.0,117.5,150.0
25101.0,Robert Kennedy,M,Raw,17.5,101.75,210.0,255.0
16797.0,Richard Cambigue,M,Raw,,70.1,82.5,115.0
20070.0,Blaine Willis,M,Wraps,17.0,141.3,220.0,220.0
14418.0,Connor Garland,M,Raw,14.5,66.7,107.5,125.0
28245.0,Jaime Ortiz,M,Raw,36.0,149.8,287.5,295.0
25389.0,Molly Mullikin,F,Wraps,23.0,74.3,182.5,220.0
24996.0,Melanie Harris,F,Raw,24.0,64.68,102.5,155.0
17278.0,Brandon Young,M,Raw,22.0,107.1,190.0,205.0
6481.0,Joel Perez,M,Raw,33.0,114.8,237.5,275.0
8020.0,Mike Zach,M,Wraps,24.0,98.8,282.5,277.5
9100.0,Adam Cornelis,M,Wraps,29.0,109.77,290.3,290.3
17476.0,Kaylee Buda,F,Raw,21.0,82.8,122.5,140.0
8589.0,Julia Tomascheski,F,Wraps,25.0,82.4,127.5,115.0
29161.0,Carey Boyce,F,Wraps,39.0,77.5,175.0,190.0
24515.0,Sebastian Rodriguez,M,Raw,28.0,74.2,155.0,185.0
27274.0,Robyn Schmidt,F,Wraps,28.0,58.3,122.5,140.0
23872.0,Garrett Blevins,M,Raw,27.0,102.42,297.5,327.5
29363.0,Alexander Masuca,M,Raw,25.0,88.6,205.0,247.5
1503.0,Nancy Amarat,F,Raw,29.5,62.25,127.5,155.0
9936.0,Cara Senn,F,Single-ply,15.5,44.0,77.1,79.4
10939.0,Diana Cubas,F,Raw,20.0,81.35,85.0,117.5
20294.0,Nathaniel Mowery,M,Raw,35.0,109.8,197.5,265.0
3949.0,Sami Nieminen,M,Raw,41.5,73.35,230.0,285.0
6438.0,Maily Ly,F,Raw,21.5,51.9,70.0,90.0
13619.0,Mathew Luskie-Hair,M,Wraps,27.0,82.5,190.0,190.0
14303.0,Tania Moon,F,Raw,29.0,80.5,112.5,175.0
22093.0,Henry Stephenson,M,Raw,23.0,78.1,142.5,175.0
15948.0,Hurd Sims,M,Raw,35.0,96.3,152.5,197.5
28189.0,Richie Rubek,M,Multi-ply,18.0,96.39,227.5,230.0
13064.0,Kristian Campanella,M,Raw,19.0,89.3,202.5,255.0
13250.0,Joanne Craig,F,Raw,53.5,62.53,125.0,132.5
29166.0,Meghan Eastman,F,Raw,28.0,66.0,120.0,155.0
7743.0,Gérald Sertelet,M,Single-ply,47.5,73.02,180.0,197.5
26226.0,Aleksandr Deryabin,M,Wraps,18.0,116.7,215.0,210.0
7755.0,Deanna Chaney,F,Single-ply,38.0,74.25,140.0,157.5
1412.0,William Murray,M,Single-ply,32.5,72.94,222.5,217.5
6528.0,Juan Aponte,M,Raw,20.0,96.1,140.0,185.0
1122.0,Jaxon Williams,M,Raw,29.0,89.8,190.0,215.0
16333.0,Jesse Aguirre,M,Wraps,20.0,70.0,150.0,227.5
5245.0,Gregory Baker,M,Raw,25.0,107.1,170.0,215.0
12152.0,Katie Weber,F,Raw,33.0,43.3,70.0,82.5
19640.0,Tami Talbot,F,Raw,41.5,79.7,150.0,150.0
25207.0,Sean Gervais,M,Raw,25.0,119.0,227.5,277.5
9433.0,Jennifer Combs,F,Raw,23.5,62.3,157.5,165.0
7468.0,Robert Graham,M,Multi-ply,50.0,98.4,280.0,230.0
29011.0,David Labrie,M,Raw,30.0,99.7,255.0,330.0
11031.0,Charla Clarke,F,Wraps,,93.08,136.08,113.4
29442.0,Jim Clifford,M,Raw,27.0,99.1,267.5,327.5
7293.0,Brett Dyson,M,Raw,28.0,80.55,192.5,202.5
12971.0,Keith Saffold,M,Raw,20.0,101.3,212.5,235.0
5346.0,Lisa Womble,F,Raw,39.5,55.9,97.5,117.5
14470.0,Daniel Salazar,M,Raw,23.5,93.0,220.0,235.0
28811.0,Nathan Goodluck,M,Raw,31.0,154.2,222.5,215.0
15962.0,Neil Touchet,M,Raw,51.0,67.5,172.5,200.0
24274.0,Stacey Hardwicke,F,Raw,42.0,51.8,92.5,120.0
21149.0,Drew Anderson,M,Raw,29.5,93.0,257.5,277.5
10863.0,Patrick O'Neal,M,Single-ply,,89.58,132.5,182.5
17754.0,Sarah Simpson,F,Raw,22.5,51.5,90.0,135.0
4484.0,Kira Clark,F,Raw,30.0,80.0,110.0,147.5
10560.0,Adam Warren,M,Raw,27.0,98.6,230.0,240.0
24577.0,Ashley Smith,F,Raw,38.0,71.49,82.5,142.5
20326.0,Wes McCormick,M,Multi-ply,24.0,74.39,317.51,308.44
21716.0,Viktor Testsov,M,Single-ply,23.5,143.2,445.0,355.0
10598.0,Erwin Estrabo,M,Raw,24.0,121.85,187.5,232.5
1433.0,Janie Ramirez,F,Single-ply,33.0,58.69,55.0,87.5
5860.0,John Bachir,M,Raw,36.5,91.8,182.5,187.5
12426.0,John Mullican,M,Wraps,40.0,81.06,192.5,192.5
10980.0,Victoria Cowan,F,Single-ply,44.0,94.66,140.0,160.0
22044.0,Jarred Kramer,M,Raw,27.0,69.9,150.0,215.0
27830.0,Kirk Sabalka,M,Wraps,23.0,108.86,280.0,300.0
23077.0,Alyssa Cottman,F,Wraps,22.0,80.47,105.0,145.0
26376.0,Mitch Plata,M,Raw,24.5,67.3,182.5,172.5
10406.0,Marcus Poole,M,Raw,18.0,73.3,160.0,185.0
23490.0,Leilani Salang,F,Raw,16.0,78.0,120.0,142.5
19566.0,Justin Straight,M,Wraps,22.0,97.98,217.5,272.5
11472.0,Marques Ramirez,M,Raw,17.0,81.4,135.0,185.0
12063.0,Kim Nelson,F,Raw,52.0,73.3,35.0,90.0
8931.0,Chris McFarland,M,Wraps,31.0,86.4,232.5,230.0
10968.0,Louie Liu,M,Raw,19.5,114.2,230.0,237.5
27755.0,Jenny Arther,F,Raw,32.0,78.7,85.0,117.5
26847.0,Michael Greeno,M,Single-ply,29.0,99.16,275.0,252.5
1610.0,Kimberly Martinez,F,Raw,19.0,58.6,95.0,120.0
29236.0,David Davari,M,Raw,33.5,102.9,160.0,195.0
16266.0,Sardinez Oscar,M,Single-ply,75.5,57.1,142.5,150.0
12393.0,Daniel Domenech,M,Raw,16.5,81.5,157.5,220.0
26839.0,Ken Jimenez,M,Raw,34.0,75.0,170.0,215.0
2767.0,Jessica Carbone,F,Wraps,41.0,74.84,158.76,163.29
12776.0,Elsa Von Heydenreich,F,Raw,66.0,64.4,55.0,75.0
23176.0,Joshua Malofsky,M,Raw,15.5,96.7,160.0,212.5
216.0,Julio Reyes,M,Raw,19.0,98.7,232.5,265.0
24876.0,Scott Bate,M,Raw,31.5,103.9,170.0,187.5
6165.0,John Hoff,M,Raw,,112.4,207.5,200.0
3901.0,Paryss Scott,F,Raw,12.0,49.0,42.5,75.0
21231.0,Alex Jarman,M,Wraps,24.0,109.59,255.0,332.5
24636.0,Jacob Beckham,M,Raw,26.0,91.0,195.0,195.0
9999.0,Karen Eagle,F,Raw,39.0,133.9,120.0,132.5
14797.0,Michelle Rodgers,F,Raw,45.5,70.85,112.5,135.0
6087.0,Jay Dove,M,Raw,22.5,82.3,242.5,260.0
14459.0,Christian Buchs,M,Raw,68.5,94.5,197.5,232.5
2856.0,Robert Harniman,M,Raw,,82.1,185.0,220.0
18217.0,Kama Moises,M,Single-ply,23.0,98.07,237.5,250.0
17041.0,Bruce Batterham,M,Raw,62.5,76.52,105.0,145.0
12414.0,Jonathan Elraheb,M,Raw,13.5,51.4,72.5,95.0
9672.0,Courtney Ustrzycki,F,Raw,28.0,54.5,82.5,127.5
516.0,Antonia Henry,F,Raw,23.0,65.85,130.0,150.0
11623.0,Lola Hernandez,F,Single-ply,32.0,78.4,147.5,157.5
8281.0,Paavo Hiltula,M,Raw,55.5,57.96,130.0,190.0
20256.0,Dominique Batt,F,Raw,18.0,53.8,65.0,85.0
12078.0,Everett Cutburth,M,Single-ply,63.0,92.31,120.0,152.5
17734.0,Sterling Brown,M,Wraps,20.0,109.2,230.0,272.5
2157.0,Steve Loncke,M,Single-ply,16.5,59.1,182.5,192.5
28081.0,Josh King,M,Wraps,22.0,122.8,227.5,280.0
10726.0,Mark Vavra,M,Raw,16.5,91.3,195.0,200.0
29030.0,Yuechuan Sun,M,Raw,24.5,72.45,220.0,215.0
3096.0,Harihar Nandagopal,M,Raw,27.0,90.4,182.5,247.5
22753.0,Kyle Houser,M,Raw,15.5,70.4,187.5,200.0
3108.0,Nevaeh A. Scow,F,Raw,15.5,82.5,92.5,92.5
10276.0,David Fray,M,Wraps,22.0,108.0,200.0,252.5
21881.0,Brian Simmerman,M,Raw,32.0,97.8,192.5,260.0
6427.0,Kristian Hollis,M,Single-ply,46.0,99.2,237.5,265.0
9252.0,Elizabeth Seto,F,Raw,,50.1,80.0,95.0
2406.0,Dennis Henson,M,Multi-ply,53.0,90.0,202.5,227.5
25038.0,Shivang Tallapaka,M,Raw,19.5,81.6,142.9,174.6
14642.0,Gustavo Mino,M,Wraps,44.0,101.1,220.0,220.0
24743.0,Andrew Jovicevic,M,Raw,47.5,82.75,210.0,270.0
18524.0,David Gibson,M,Raw,36.0,71.36,162.5,227.5
13420.0,Bianca Cruz,F,Wraps,25.0,65.4,112.5,127.5
3398.0,Hunter Koller,M,Raw,17.0,74.9,147.5,190.0
8943.0,Cody Cunnungham,M,Wraps,30.0,98.1,275.0,265.0
27172.0,Kezia Duncan,F,Raw,35.5,62.2,122.5,150.0
6939.0,Walter Gómez,M,Single-ply,26.5,57.03,230.0,230.0
27315.0,LS McClain,M,Raw,,92.48,265.0,307.5
28314.0,Jada Freese,F,Single-ply,17.5,51.35,97.5,106.6
27774.0,Jeff Vasenda,M,Raw,31.0,108.9,205.0,297.5
9816.0,Megan Leong,F,Raw,25.0,73.03,112.5,127.5
16139.0,Hildeborg Juvet Hugdal,F,Single-ply,32.5,124.33,240.0,187.5
9418.0,Ray Stoneback,M,Raw,57.0,79.7,137.5,167.5
12315.0,Emily Nantz,F,Wraps,22.0,89.6,165.0,162.5
2518.0,Kate Walker,F,Wraps,64.0,71.21,75.0,107.5
29751.0,Manuel Martinez,M,Single-ply,20.5,51.4,172.5,180.0
16601.0,Adam Najera,M,Raw,23.0,90.0,205.0,197.5
17592.0,Edwine Clayton,F,Raw,23.5,56.5,102.5,117.5
5100.0,Andrew Jovicevic,M,Raw,45.5,103.75,255.0,270.0
9842.0,Joe Valdez,M,Single-ply,23.0,109.7,260.0,277.5
17187.0,Amber Beardsley,F,Single-ply,17.5,100.8,137.5,132.5
7277.0,Willis Smith,M,Raw,42.5,107.3,220.0,242.5
18772.0,Ryan Thompson,M,Raw,19.5,101.9,197.5,205.0
10078.0,Nelson Wu,M,Raw,22.0,73.6,152.5,205.0
21770.0,Miguel Morales,M,Raw,32.5,67.3,155.0,202.5
26443.0,Dana McFarlane,F,Raw,50.0,52.9,78.0,117.5
9892.0,Cam Leslie,M,Raw,30.5,103.5,215.0,215.0
6328.0,Angelina Battige,F,Raw,12.5,51.7,100.0,125.0
10045.0,Katie Ruland,F,Raw,21.5,52.3,85.0,107.5
26119.0,Heather Sterzick,F,Single-ply,17.0,63.2,112.5,152.5
14329.0,Ryan Trojanski,M,Raw,33.0,96.8,157.5,197.5
26755.0,Luis Jaimes,M,Single-ply,20.0,98.6,290.0,242.5
11846.0,Irvin Sanchez,M,Raw,22.0,124.56,302.5,295.0
16586.0,Cheryl Chang,F,Raw,19.5,55.9,95.0,120.0
17550.0,Ilkka Ala-Luopa,M,Raw,21.5,58.86,165.0,200.0
21264.0,Jay Hambert,M,Raw,49.5,93.7,147.5,200.0
15091.0,Elda Negrete,F,Wraps,34.0,59.51,92.5,117.5
23480.0,Sabrina Diec,F,Wraps,19.0,65.41,115.0,150.0
18393.0,Raphael Hodes,M,Raw,24.5,118.45,215.0,255.0
22276.0,Roy Billiot III,M,Single-ply,13.5,54.7,95.0,107.5
10399.0,Denis Jaffe,F,Raw,47.0,55.2,52.5,92.5
8164.0,Sarah Lewis,F,Wraps,30.0,74.4,222.5,222.5
22500.0,Justin Wilson,M,Wraps,37.0,131.8,245.0,272.5
10883.0,Tim Wunder,M,Wraps,30.0,123.2,252.5,250.0
23086.0,Mike Padilla,M,Wraps,48.0,93.2,227.5,240.0
24672.0,Tracy Sparks,F,Raw,47.0,66.8,97.5,132.5
13720.0,Valentine Huerta,M,Wraps,42.0,98.8,300.0,285.0
17846.0,Alexis Hill,F,Raw,24.0,81.3,102.5,127.5
3382.0,Adam Keane,M,Raw,22.5,82.0,235.0,245.0
9845.0,Amber Mathews,F,Raw,28.0,82.5,160.0,190.0
18832.0,Nicole Daaong,F,Raw,20.0,59.8,122.5,152.5
19340.0,Israel Spottedhorse,M,Raw,24.0,80.6,190.0,255.0
7339.0,Khang Huynh,M,Single-ply,21.5,81.4,240.0,245.0
14368.0,Brittany Page,F,Raw,30.5,90.35,137.5,127.5
14659.0,Melanie Madere,F,Single-ply,18.5,61.3,117.5,115.0
428.0,Bobbie Benabides,F,Wraps,35.0,55.61,120.0,152.5
16204.0,Ville Antikainen,M,Wraps,26.0,108.4,290.0,290.0
17507.0,Klemen Jaschinski,M,Single-ply,28.5,54.7,187.5,200.0
624.0,Lauren Waldrop,F,Wraps,24.0,67.4,145.0,170.0
28355.0,Minwoo Kang,M,Raw,23.0,74.0,180.0,215.0
17170.0,Kelly Phasey,F,Raw,41.0,123.0,162.5,165.0
1138.0,Samuel Simpson,M,Raw,23.0,74.4,165.0,200.0
17663.0,Marlinde Gras,F,Raw,28.5,62.35,130.0,162.5
24511.0,Tatum Susberry,M,Wraps,30.0,135.6,255.0,257.5
19542.0,Sam Voshell,M,Wraps,52.0,123.65,215.46,210.92
4408.0,Romy Toonen,F,Raw,21.5,83.56,145.0,172.5
17120.0,Albert Lopez,M,Raw,49.5,98.02,227.5,227.5
10352.0,Tyler Milligan,M,Wraps,25.0,133.3,245.0,290.0
29596.0,Lefus Tubby Jr,M,Raw,28.0,117.57,235.87,274.42
9477.0,Tabitha Nunemaker,F,Raw,33.0,78.4,120.0,165.0
10299.0,Kelsey Ewart,F,Single-ply,20.5,51.2,130.0,117.5
2885.0,Kennedy Ketzer,F,Single-ply,,71.2,152.5,155.0
18417.0,Jean-Michel David,M,Wraps,22.0,73.5,175.0,192.5
7500.0,Dianne Baxter,F,Raw,41.5,96.8,165.0,162.5
2683.0,Reece Vella,M,Raw,23.0,91.55,230.0,265.0
23493.0,Michael Mazzola,M,Raw,19.0,58.6,110.0,137.5
17172.0,Kara King,F,Raw,45.5,49.8,110.0,147.5
22924.0,Wayne Wu,M,Raw,21.0,86.86,155.0,220.0
9898.0,David Stewart,M,Raw,34.0,74.0,172.5,220.0
6216.0,Maria Burova,F,Raw,20.5,46.2,97.5,115.0
20719.0,Curt Shaver,M,Wraps,49.0,96.6,197.5,242.5
7978.0,Tala Stevens,F,Wraps,35.0,57.9,115.0,105.0
11405.0,Tiffany Capouch,F,Raw,33.5,115.6,112.5,155.0
5551.0,Loraine Esquivel,F,Raw,40.0,59.42,60.0,87.5
738.0,Leigh Wiltshire,M,Raw,31.0,91.0,175.0,215.0
28717.0,Matt Olivares,M,Wraps,37.0,89.49,170.0,210.0
10746.0,Nikki Merson,F,Wraps,45.0,69.9,105.0,130.0
27645.0,Jimmy Salyer,M,Wraps,20.0,95.53,226.8,226.8
7071.0,John Luppy,M,Wraps,69.0,73.94,124.74,136.08
1710.0,Catalina Pacce,F,Raw,19.5,62.5,100.0,130.0
3508.0,Dmitry Priezzhiy,M,Wraps,24.0,97.2,210.0,190.0
23162.0,Joe Coursey,M,Raw,25.0,123.8,292.5,322.5
29049.0,Ryan O'Connor,M,Raw,14.5,68.3,65.0,135.0
13804.0,Eric Milfeld,M,Raw,,104.43,240.0,280.0
13492.0,Earl King,M,Multi-ply,41.0,100.97,362.87,244.94
18340.0,Carrie Popielski,F,Raw,42.0,65.7,67.5,120.0
12051.0,Dana Jones,F,Raw,44.5,101.0,160.0,170.0
15955.0,Daniel Luna,M,Raw,41.0,115.2,185.0,210.0
18003.0,Elee Johns,M,Raw,20.5,101.8,247.5,245.0
7779.0,Michelle Sanford,F,Raw,31.0,73.2,112.5,117.5
9003.0,Paul Horn,M,Raw,34.0,110.99,205.0,227.5
15746.0,Shelby Mathews,F,Raw,24.5,60.9,100.0,127.5
25481.0,Max Aita,M,Wraps,27.0,98.88,320.0,285.0
733.0,Gabriel Ramirez,M,Raw,21.0,80.66,145.0,165.0
14198.0,Michael Webb,M,Raw,21.5,95.9,155.0,200.0
21906.0,Laura Williams,F,Raw,47.0,59.9,105.0,135.0
21044.0,Julian Faccio,M,Wraps,16.0,66.0,150.0,165.0
15820.0,Jane Miskell,F,Raw,45.5,70.0,80.0,125.0
18842.0,Julius Bowens,M,Raw,22.0,87.0,237.5,232.5
20244.0,Matthew Hood,M,Raw,21.5,100.3,210.0,227.5
8203.0,Kelsey Indergaard,F,Raw,26.5,94.5,125.0,135.0
28966.0,Christopher Engebretson,M,Raw,47.5,103.3,190.0,190.0
10586.0,Miguel De La Torre,M,Wraps,40.0,98.97,187.5,225.0
19591.0,Corey Bourgeois,M,Raw,19.0,98.43,272.5,272.5
20199.0,Steven Surgnier,M,Raw,30.5,80.3,210.0,247.5
18896.0,Charles Anderson,M,Raw,33.0,109.3,195.0,200.0
23628.0,Daniel Zarco,M,Wraps,32.0,117.5,280.0,250.0
4969.0,Kristen Krewson,F,Raw,26.5,69.7,117.5,130.0
12621.0,Addie Larson,F,Raw,,117.2,90.0,80.0
8247.0,Gerardo Rivera,M,Raw,25.0,88.13,207.5,277.5
24382.0,Karina Cota,F,Raw,21.5,65.8,97.5,142.5
2904.0,Justin Veloz,M,Single-ply,22.0,60.21,115.0,130.0
20273.0,Aron Uribe,M,Raw,24.0,89.2,192.5,242.5
12101.0,Ramon Mendez Moreno,M,Raw,22.0,74.0,210.0,230.0
6069.0,Rebecca Semanski,F,Raw,22.5,63.8,62.5,110.0
12140.0,Sarah Percival,F,Raw,20.5,68.45,90.0,120.0
3698.0,Victor Mandia,M,Raw,42.0,99.38,212.5,232.5
29677.0,Darin Fernandez,M,Raw,21.0,73.0,177.5,215.0
1912.0,John Gilmore,M,Raw,36.0,154.8,265.0,305.0
6400.0,Joris Quai,M,Raw,22.5,81.58,242.5,275.0
4475.0,Cristobal Esquivel,M,Raw,26.5,81.4,190.0,240.0
23454.0,Jonathan Booher,M,Wraps,28.0,74.39,151.95,206.38
29217.0,Michael Freno,M,Raw,20.5,58.9,162.5,200.0
8345.0,Roman Rodnin,M,Wraps,41.0,101.7,240.0,272.5
26623.0,Thomas Boorman,M,Raw,20.5,92.5,200.0,200.0
26597.0,Vahe Missirian,M,Single-ply,22.5,102.8,307.5,285.0
10038.0,John Downing,M,Raw,23.0,80.9,250.0,265.0
3263.0,Jovani Maguregui,M,Wraps,26.0,74.4,192.5,217.5
10261.0,Jeff Pagan,M,Raw,56.0,90.2,165.0,170.0
16982.0,Kasey Frazier,F,Raw,41.5,58.3,95.0,115.0
4977.0,Cynthia Pinedo,F,Wraps,42.0,90.72,124.74,151.95
11327.0,Ben Fong,M,Raw,30.0,89.13,227.5,257.5
28216.0,Dana Jones,F,Raw,43.5,96.8,127.5,165.0
20346.0,Dan Williams,M,Raw,18.0,89.1,230.0,240.0
4229.0,Michael Garozzo,M,Raw,34.0,89.55,275.0,312.5
5218.0,Malinda Baum,F,Single-ply,48.5,101.5,150.0,162.5
15844.0,Jean-Luc Collart,M,Single-ply,56.5,117.7,300.0,240.0
19912.0,Eric Olsson,M,Raw,21.0,87.4,200.0,240.0
1427.0,Thomas Gottschalk,M,Raw,22.5,82.8,222.5,260.0
8121.0,Chris Johnston,M,Wraps,34.0,140.0,238.14,263.08
12793.0,Kevin Beamish,M,Raw,21.0,98.6,218.0,247.5
10146.0,Karlester Young,M,Raw,56.5,141.4,181.4,206.4
25767.0,Anthony Ferraro,M,Raw,31.5,82.25,152.5,205.0
26729.0,Kazuya Matsunaga,M,Raw,37.5,64.7,180.0,230.0
14499.0,Corey Dennis,M,Raw,24.5,89.5,197.5,250.0
10438.0,Aleksey Ishin,M,Raw,22.0,88.4,230.0,285.0
14563.0,Juliana Faulconer,F,Raw,21.0,74.35,107.5,140.0
16382.0,Dariusz Wszola,M,Single-ply,29.5,55.6,245.0,205.0
12947.0,Jeruscha Ako,F,Raw,28.0,120.29,137.5,160.0
16404.0,Tina Moreno,F,Single-ply,56.0,59.69,60.0,80.0
16383.0,Mohammed Alqallaf,M,Raw,22.0,97.4,185.0,235.0
27165.0,Elizabeth Peterka,F,Raw,44.5,84.4,87.5,112.5
6797.0,Julia Moller,F,Raw,20.0,65.1,110.0,155.0
11387.0,Lee Powell,M,Multi-ply,31.5,82.0,285.0,292.5
16953.0,Martin Horák,M,Wraps,40.0,98.4,222.5,220.0
2041.0,Manu Pihama,M,Raw,37.5,110.7,240.0,280.0
9403.0,Mitchell Gibson,M,Single-ply,17.5,66.6,240.0,227.5
14050.0,Clinton Womack,M,Raw,29.5,76.4,147.5,215.0
2907.0,Robert Rodriguez,M,Raw,22.0,102.24,227.5,277.5
9199.0,John DiMiceli,M,Raw,31.5,91.9,160.0,170.0
8739.0,Zachary Patton,M,Wraps,19.0,109.0,290.0,265.0
14410.0,Joaquim De Jenga,M,Raw,17.5,79.86,215.0,267.5
29287.0,David Bracken,M,Single-ply,39.0,74.6,262.5,242.5
1660.0,Michelle Beineke,F,Raw,29.0,68.0,132.5,130.0
7318.0,Jason Kelske,M,Raw,35.0,93.4,205.0,237.5
11788.0,Tarra Oravec,F,Wraps,23.0,82.28,197.31,219.99
17306.0,Emily Sherman,F,Single-ply,18.5,118.9,190.0,140.0
24753.0,Anthony Chmielewski,M,Wraps,28.0,81.1,185.0,205.0
24337.0,Adam Rodriguez,M,Wraps,23.0,121.83,357.5,320.0
27316.0,Taiichi Horibata,M,Raw,62.5,57.9,105.0,130.0
4981.0,Carson Parks,M,Wraps,17.0,79.2,205.0,250.0
14770.0,David Lajza,M,Wraps,26.0,80.74,175.0,207.5
28421.0,Vesel Parashkevov,M,Single-ply,22.5,109.0,310.0,320.0
26899.0,Venera Yakupova,F,Raw,26.5,51.3,115.0,152.5
20086.0,Archili Shasurashvili,M,Raw,26.5,104.8,310.0,260.0
4984.0,Jessika Lowe,F,Single-ply,20.5,71.05,197.5,202.5
15281.0,David Rohlinger,M,Raw,48.0,112.1,145.0,197.5
26494.0,Jose Garcia,M,Raw,23.0,89.1,285.0,300.0
21581.0,Hevher Mendez,M,Raw,25.0,80.6,172.5,215.0
896.0,Andrea Lum,F,Raw,44.5,103.3,97.5,95.0
1684.0,Lyle Regalado,M,Raw,22.0,74.3,162.5,232.5
16497.0,Nate Faust,M,Wraps,18.0,88.95,187.5,255.0
16983.0,Kyle Byrd,M,Raw,25.0,120.66,205.0,227.5
11193.0,Sammi Johnson,F,Raw,30.5,82.66,170.0,205.0
9520.0,Kyle Kubsiack,M,Raw,22.0,91.9,167.5,192.5
1487.0,Danny Cox,M,Raw,24.0,79.56,182.5,245.0
22667.0,JP Price,M,Wraps,29.0,139.89,337.5,307.5
25028.0,Ashley Hanna,F,Raw,20.5,80.32,110.0,142.5
9633.0,Jacob Nelson,M,Raw,32.5,100.2,200.0,260.0
22323.0,Jacques Beauverger,M,Single-ply,69.5,71.86,150.0,190.0
10242.0,Christina Alvarado,F,Raw,27.0,54.2,112.5,145.0
21377.0,Shelby Heath,F,Raw,30.0,59.5,150.0,182.5
15736.0,John Cutrone,M,Raw,13.5,72.4,157.5,175.0
25681.0,Mark Ayala,M,Raw,38.0,125.05,195.0,282.5
8354.0,Sinjin Howerton,M,Raw,25.0,123.4,260.0,320.0
6346.0,Heather Blair,F,Raw,31.5,79.8,112.5,140.0
13999.0,Matthew Savery,M,Raw,22.5,80.6,195.0,250.0
11990.0,Sheryl Shockley,F,Raw,60.0,78.9,92.5,127.5
5427.0,Nick Graves,M,Multi-ply,26.5,99.25,333.39,265.35
17694.0,Justin Manipis,M,Raw,21.0,64.5,150.0,195.0
24221.0,Christopher Lytle,M,Raw,28.0,109.09,182.5,205.0
5640.0,Sabrina Cuevas,F,Raw,37.0,51.35,100.0,120.0
12705.0,Austin Reiner,M,Raw,22.5,77.8,197.5,242.5
5720.0,Aaron Burch,M,Wraps,22.0,60.0,235.0,120.0
22234.0,Mike Mansilla,M,Raw,17.0,63.59,150.0,187.5
12463.0,Alexander Small,M,Raw,22.0,98.5,217.5,262.5
25708.0,Annette Pedersen,F,Single-ply,43.5,71.73,207.5,210.0
18836.0,Mason Cupp,M,Raw,19.0,88.0,227.5,250.0
17814.0,Sean Murphy,M,Wraps,22.0,74.8,185.0,220.0
3483.0,Jesse Kidd,M,Raw,35.0,146.0,267.5,295.0
17086.0,Kevin Huynh,M,Raw,21.0,67.0,175.0,227.5
15980.0,Alex Ochoa,M,Single-ply,22.5,65.44,265.0,235.0
27218.0,Patrick Castelli,M,Wraps,24.0,82.37,257.5,265.0
17816.0,Robert Aigner,M,Raw,33.0,96.4,200.0,247.5
21189.0,Michael Morgan,M,Raw,56.0,79.9,145.0,182.5
3230.0,Justin Pasko,M,Raw,30.0,127.6,185.0,252.5
2476.0,Calie Chesler,F,Wraps,19.0,60.0,125.0,137.5
27719.0,Matthew Chapman,M,Raw,45.0,74.48,155.0,165.0
24625.0,Hege Henriksen Bubandt,F,Raw,55.5,50.33,95.0,132.5
9427.0,Gregory Lesperance,M,Raw,27.5,118.0,222.5,227.5
15518.0,William Morgan,M,Wraps,40.0,122.92,233.6,254.01
27758.0,Daniel Navar,M,Raw,27.0,67.14,147.5,165.0
7997.0,Todd Craig,M,Single-ply,46.5,85.1,242.5,255.0
7255.0,Steve Siefert,M,Multi-ply,36.0,81.1,240.4,263.08
644.0,Jason Schultz,M,Raw,31.0,80.01,195.0,227.5
2507.0,Alexandra Trezza,F,Raw,21.5,61.6,100.0,145.0
17731.0,Lewis Jennings,M,Raw,42.0,81.8,202.5,272.5
10353.0,Melanie Ing,F,Raw,22.0,53.5,127.5,150.0
12738.0,Anna Delao,F,Single-ply,15.5,51.39,124.7,117.9
3473.0,Marvin Polanco,M,Raw,26.5,90.9,185.0,242.5
23597.0,Sandra Kasabuske,F,Raw,68.5,62.7,72.5,100.0
27974.0,Zac Meyers,M,Raw,22.0,126.4,315.0,312.5
1227.0,Aleksandr Gusev,M,Raw,22.5,58.53,180.0,192.5
3799.0,Marlon Coco,M,Raw,14.5,92.5,147.5,165.0
11622.0,Milijana De Mori,F,Raw,31.5,56.4,125.0,135.0
10205.0,Lindsay Lichtsinn,F,Wraps,,65.9,122.5,147.5
3658.0,Joseph M. McMahan,M,Wraps,54.0,65.73,132.5,155.0
28294.0,Carlos Verzosa,M,Raw,21.0,78.43,180.0,227.5
18553.0,Justin Harris,M,Raw,40.0,98.3,180.0,210.0
22255.0,Tevaughn Lee,M,Multi-ply,21.0,156.0,375.0,310.0
16011.0,Burton Xie,M,Raw,31.0,74.9,137.5,182.5
12417.0,Brice Nielsen,M,Raw,25.0,82.0,165.0,227.5
2561.0,Leah West Casciano,F,Raw,27.0,59.9,137.5,160.0
20241.0,Rachel Kerrigan,F,Raw,39.5,61.0,90.0,115.0
27942.0,Christina Ngo,F,Raw,22.0,46.0,90.0,125.0
18072.0,April Hernandez,F,Single-ply,24.0,66.95,107.5,122.5
12556.0,Marina Boudreau,F,Raw,34.0,57.3,77.5,97.5
16338.0,Rachel Gody,F,Raw,22.5,60.28,140.0,152.5
6562.0,Jasmin Higgs,F,Single-ply,33.5,56.7,140.0,155.0
15293.0,Joshua Rickey,M,Raw,29.5,81.82,205.0,250.0
22256.0,Bianca Booher,F,Raw,16.5,41.95,55.0,72.5
173.0,Allison Archuleta,F,Raw,21.0,54.9,97.5,110.0
14493.0,Brian Thompson,M,Raw,48.5,113.2,213.2,244.9
20380.0,Tayler Claflin,F,Raw,18.0,70.7,165.0,170.0
25074.0,David Liang,M,Raw,17.0,89.8,235.0,262.5
17599.0,Abby Burg,F,Raw,31.0,79.4,130.0,167.5
17346.0,Kyle Horton,M,Single-ply,18.5,50.94,129.3,140.6
23853.0,Fedor Milashin,M,Wraps,19.0,89.2,215.0,205.0
2227.0,Carrie Grissinger,F,Wraps,35.0,66.86,150.0,170.0
19995.0,Denis Robles,M,Raw,21.0,59.6,125.0,190.0
2585.0,Janette Toldeo,F,Raw,23.0,59.3,92.5,127.5
29774.0,Sean McDonough,M,Raw,16.0,135.4,172.5,192.5
26536.0,Jonathan Padrino,M,Raw,26.0,82.3,157.5,190.0
5742.0,Jeff Frank,M,Single-ply,26.0,180.71,455.0,320.0
23431.0,Jennica Baldridge,F,Raw,18.5,62.62,122.5,172.5
9942.0,Rafael Garcia,M,Raw,22.0,79.7,135.0,227.5
17115.0,Cjay Stauber,M,Wraps,23.0,112.49,275.0,275.0
10814.0,Karisa Verheyen,F,Raw,27.5,58.8,107.5,155.0
12518.0,Rachel Jones,F,Raw,19.5,54.4,105.0,120.0
8786.0,Jacob De La Paz,M,Single-ply,20.5,72.0,60.0,250.0
10884.0,Nicholas Hipolito,M,Raw,18.5,57.9,112.5,167.5
14538.0,Da'Mon Mayers,M,Wraps,32.0,89.18,255.0,312.5
13534.0,Joseph Milano,M,Raw,26.5,91.0,200.0,250.0
21873.0,Amy Evans,F,Raw,24.5,61.6,100.0,110.0
4871.0,Paul Cohen,M,Raw,52.0,80.0,145.5,165.0
22356.0,Cody Green,M,Wraps,19.0,93.4,245.0,260.0
19936.0,Zach Wittusen,M,Raw,22.0,109.27,257.5,295.0
19681.0,Kim Fuzzell,F,Raw,42.0,52.8,92.5,110.0
11198.0,Linda Lynch,F,Raw,60.5,60.25,80.0,115.0
8156.0,Caitlyn Whipple,F,Single-ply,16.5,70.3,172.5,165.0
20146.0,Stuart Anderson,M,Raw,27.5,111.5,215.0,227.5
1090.0,Justin DeMara,M,Wraps,26.5,113.4,235.87,265.35
11255.0,Kat Dooley,F,Raw,31.0,64.8,127.5,167.5
12526.0,Miriam Parkinson,F,Raw,29.5,68.95,107.5,112.5
27115.0,David Troutt,M,Raw,32.0,105.2,305.0,377.5
762.0,Maxwel Ruppert,M,Raw,16.0,65.7,117.5,125.0
3410.0,Oleksandr Tytarenko,M,Single-ply,21.5,118.87,387.5,300.0
18341.0,Joey Luck,M,Raw,38.0,97.79,160.0,225.0
6271.0,Zavina Gonzalez,F,Raw,20.5,56.7,117.5,137.5
7502.0,Matthew Lawson,M,Raw,22.0,88.3,222.5,260.0
11941.0,Jack Rentsch,M,Raw,17.5,106.6,125.0,212.5
27616.0,Jessica Fitzgibbons,F,Wraps,37.0,55.34,120.0,125.0
16201.0,Irene Tobias,F,Raw,30.0,72.98,87.5,127.5
7477.0,Marc Giles,M,Raw,49.5,108.55,210.0,252.5
17697.0,Nicholas Bevelock,M,Wraps,22.0,81.51,210.0,232.5
2898.0,Kyj Mandzy,M,Raw,22.0,97.8,197.5,220.0
1616.0,Andrei Khomiakov,M,Raw,20.5,65.95,165.0,200.0
22617.0,Keelie Thomas,F,Raw,32.0,58.8,105.0,117.5
20236.0,Ashley Vasquez,F,Single-ply,21.5,81.8,165.0,175.0
21321.0,Markus Suomela,M,Raw,23.5,104.7,255.0,345.0
14477.0,Dalton Duncan,M,Wraps,23.0,87.1,202.5,227.5
27380.0,Laurie Holt,M,Raw,41.5,76.45,130.0,150.0
21266.0,David Hansen,M,Wraps,37.0,88.99,227.5,330.0
10019.0,Haynes Crossley,M,Raw,20.5,83.3,187.5,227.5
24662.0,Ivan Sandoval,M,Raw,31.0,99.9,212.5,247.5
8574.0,Kyle Evanetski,M,Wraps,20.0,122.61,294.84,319.78
21506.0,Jared Skinner,M,Raw,30.0,100.0,330.0,322.5
8364.0,Jeremy Seff,M,Raw,25.0,65.8,172.5,230.0
2958.0,Dallas McManus,M,Wraps,17.0,99.2,220.0,230.0
26273.0,Tanuj Wadhi,M,Raw,24.5,64.6,152.5,192.5
25180.0,Ulan Anuar,M,Raw,23.5,82.4,277.5,325.0
28001.0,Jose Hernandez,M,Raw,,92.5,140.0,175.0
21693.0,Todd Knickman,M,Raw,47.0,107.6,230.0,275.0
26187.0,Franz Graaf,M,Single-ply,20.5,92.25,292.5,280.0
28017.0,Chaz Lichtenstern,M,Raw,18.5,81.4,175.0,205.0
9767.0,Cynthia Hansen,F,Raw,,83.11,150.0,190.0
6289.0,Jesse Marvin,M,Wraps,23.0,89.7,275.0,292.5
23338.0,Jackson Nolen,M,Raw,26.0,125.0,227.5,265.0
34.0,Eudson Lima,M,Single-ply,27.5,64.93,267.5,260.0
8845.0,Frankie Murrieta,M,Wraps,36.0,66.8,185.0,202.5
24191.0,Andrea Esquibel,F,Wraps,30.0,87.5,130.0,152.5
10803.0,Christopher Northern,M,Raw,21.5,87.1,200.0,215.0
18887.0,Mike Effner,M,Raw,31.5,89.4,210.0,235.0
22336.0,Jennifer Sroczynski,F,Wraps,26.0,47.5,77.5,82.5
15199.0,John Planas,M,Raw,42.5,118.8,310.0,315.0
3482.0,Bobby Simpson,M,Wraps,24.0,115.9,275.0,282.5
10656.0,Marco Moqui Guerrero,M,Raw,19.5,81.3,190.0,197.5
21453.0,Mathew Mann,M,Raw,35.0,97.7,185.0,235.0
2992.0,James Burge,M,Wraps,66.5,66.63,163.29,204.12
3703.0,Jacob Barner,M,Raw,33.0,82.03,160.0,182.5
5746.0,Andrew Hansen,M,Raw,27.0,71.95,160.0,187.5
29768.0,Jose Bermejo,M,Wraps,31.0,81.2,200.0,227.5
550.0,Luke Montavon,M,Raw,21.5,81.8,177.5,192.5
22665.0,Hollie Kempton,F,Raw,30.5,46.2,85.0,112.5
6174.0,Cole Bailey,M,Single-ply,19.5,89.0,207.5,190.0
3402.0,Denise Thomas,F,Raw,66.5,65.0,85.0,115.0
13517.0,Natalie Wasser,F,Single-ply,16.0,62.8,95.0,122.5
16126.0,Lucas Mansell,M,Raw,22.5,143.5,275.0,280.0
5034.0,Liliana Martinez,F,Single-ply,16.5,94.8,92.5,115.0
24658.0,Brandon Franklin,M,Raw,26.0,95.62,300.0,325.0
21163.0,Mike Farr,M,Wraps,24.0,89.36,232.5,257.5
20422.0,PT Yager,M,Raw,20.5,80.57,202.5,207.5
15209.0,Jessica Olson,F,Raw,30.0,73.39,82.5,127.5
6111.0,Tony Cliffe,M,Raw,29.5,118.65,322.5,322.5
15230.0,Julie Washek,F,Raw,19.5,60.6,70.0,87.5
1791.0,Amy Thimmesh,F,Raw,38.5,81.6,100.0,127.5
5647.0,Kelly Pierce,F,Raw,28.5,58.7,95.0,137.5
10154.0,Ester Pinkhasova,F,Raw,21.5,66.0,92.5,122.5
7912.0,Joseph Banea,M,Raw,24.0,79.4,170.0,217.5
1278.0,Ryan Hughes,M,Raw,30.5,89.05,207.5,232.5
4519.0,Kieran Best-Williams,M,Raw,23.5,97.55,187.5,222.5
24782.0,Lisa Evanovich,F,Raw,52.0,64.4,70.0,95.0
2848.0,Danielle Bacon,F,Single-ply,17.5,50.9,137.5,147.5
12209.0,John Schroeder,M,Raw,19.0,81.8,210.0,245.0
3469.0,Sandy Banos,F,Raw,26.0,59.8,105.0,142.5
5654.0,Yevgeniy Pervyshin,M,Raw,43.0,82.4,175.0,242.5
27912.0,Dana Varble,F,Wraps,39.0,55.0,85.0,120.0
28053.0,April Mathis,F,Wraps,29.0,125.0,320.0,252.5
28420.0,Henry Diers,M,Raw,17.5,65.23,200.0,197.5
19832.0,Cedric Jean-Baptiste,M,Raw,22.5,82.1,200.0,242.5
24713.0,Remington Paris,M,Raw,19.5,69.8,172.5,212.5
14573.0,Bryan Alm,M,Wraps,42.0,157.4,365.0,340.0
23634.0,William Kidd,M,Wraps,72.0,81.25,170.0,150.0
423.0,Giancarlo Berroya,M,Raw,31.0,73.95,145.0,160.0
10004.0,Zach Wittusen,M,Raw,23.0,116.07,295.0,285.0
14928.0,Rocky Molina II,M,Raw,30.0,118.4,257.5,265.0
18240.0,April Dondoy,F,Raw,28.5,71.0,120.0,110.0
12340.0,Carlos Ventura,M,Raw,31.5,87.2,185.0,227.5
29406.0,Adam Miller,M,Wraps,36.0,88.2,280.0,287.5
3246.0,Lothar Vallot,M,Single-ply,58.0,89.8,140.0,155.0
14147.0,Dana Bannon,F,Raw,34.0,81.1,107.5,112.5
10575.0,Lisa Dodge,F,Raw,22.0,50.71,55.0,57.5
14971.0,Justin Kimmel,M,Raw,27.0,74.4,192.5,227.5
18696.0,James Swaffield,M,Wraps,27.0,73.4,160.0,197.5
2943.0,Chris Garcia,M,Raw,27.0,80.6,265.0,305.0
20842.0,Scotty Hatlevig,M,Raw,40.0,80.56,200.0,245.0
27699.0,Jason Connors,M,Raw,43.0,92.5,272.5,210.0
7964.0,Patience Miller,F,Raw,19.5,80.8,102.5,142.5
11287.0,Blaire Smith,F,Wraps,26.0,66.5,75.0,85.0
7923.0,Andrew Newton,M,Raw,20.5,88.1,192.5,230.0
5712.0,Roy Billiot III,M,Single-ply,13.5,52.2,62.5,92.5
17976.0,Michael VanVranken,M,Raw,42.5,81.8,165.0,207.5
8439.0,Amanda Jahnke,F,Raw,30.0,59.47,107.5,142.5
25046.0,Cynthia Lee,F,Raw,30.0,72.39,110.0,130.0
1246.0,Autumm Greene,F,Raw,27.5,79.8,140.0,147.5
9115.0,Keeli Michael,F,Wraps,26.0,67.5,120.2,147.42
12749.0,Jonathan Keebler,M,Wraps,30.0,97.98,192.5,237.5
3847.0,Vince Mele,M,Raw,36.0,89.3,177.5,190.0
5787.0,John Brennan,M,Raw,30.0,80.8,200.0,265.0
341.0,Brittany King,F,Raw,20.5,61.1,97.5,125.0
17828.0,Tom Miller,M,Single-ply,58.0,67.5,189.94,204.91
20464.0,Edward Teoh,M,Wraps,66.0,68.1,80.0,110.0
7397.0,Amanda Padgett,F,Raw,24.5,53.4,117.5,152.5
8319.0,Charlene Lee,F,Raw,21.5,70.1,130.0,127.5
9103.0,Lisa Trostel,F,Wraps,51.0,64.8,47.5,97.5
11923.0,Dominique Moses,F,Single-ply,18.5,69.08,136.1,149.7
12695.0,Taiichi Horibata,M,Raw,59.5,58.3,115.0,125.0
4235.0,Hal Carlson,M,Raw,38.0,126.14,275.0,287.5
1078.0,Mike Noonchester,M,Single-ply,17.0,125.0,210.92,210.92
17234.0,Lisa Voss,F,Raw,51.0,88.85,80.0,140.0
23029.0,Daniel Lee,M,Raw,26.5,79.7,200.0,240.0
2393.0,Allyson Turnage,F,Wraps,36.0,60.0,90.72,120.2
12618.0,Stephanie Radovanovic,F,Raw,45.5,62.8,112.5,150.0
26833.0,Gernot Kasparek,M,Single-ply,39.5,119.38,330.0,285.0
25435.0,Matthew Hoyland,M,Raw,23.5,102.45,167.5,215.0
1676.0,Elija Oldham,M,Raw,30.0,73.3,150.0,180.0
5500.0,Väinö Kivistö,M,Wraps,19.0,77.4,205.0,200.0
20889.0,Aleksey Zinurov,M,Wraps,28.0,96.4,280.0,285.0
7893.0,Sergey Kazubskiy,M,Raw,37.0,102.3,170.0,120.0
8413.0,Andrew Webster,M,Wraps,22.0,124.95,272.5,325.0
3580.0,Grant Bilker,M,Raw,21.5,89.1,167.5,202.5
10581.0,Chenoa Bishop,F,Raw,,80.8,102.5,130.0
10708.0,Frank Oliveri,M,Raw,,82.5,150.0,192.5
9838.0,Martk Busby,M,Raw,56.0,115.6,190.0,245.0
26662.0,Daniel Collins,M,Raw,27.0,87.2,190.0,220.0
2647.0,Colin M Zavislak,M,Raw,19.5,65.06,132.5,165.0
23896.0,Jacob Correa,M,Raw,18.0,74.0,190.0,245.0
20569.0,Taylor Doxey,F,Wraps,26.0,95.03,124.74,181.44
15049.0,Geoff Lucas,M,Raw,15.5,85.15,120.0,180.0
15335.0,Kamil Krakowiak,M,Raw,21.5,89.45,220.0,270.0
27263.0,Thomas Dove,M,Wraps,28.0,107.23,242.5,275.0
20658.0,Daniel Leita,M,Single-ply,18.5,73.1,255.0,285.0
3964.0,Travis Holder,M,Single-ply,15.0,90.0,195.04,183.7
1804.0,Stephanie Spencer,F,Raw,46.0,87.9,92.5,150.0
14699.0,Jeanne Watts,F,Single-ply,43.0,68.27,137.5,175.0
22012.0,Zachary Jones,M,Raw,26.5,82.92,212.5,230.0
24001.0,Stephanie Stephens,F,Single-ply,35.0,75.55,170.0,172.5
21527.0,Virginia Deatherage,F,Wraps,27.0,73.03,100.0,130.0
21366.0,Alyssa Bonillas,F,Raw,23.0,67.27,132.5,145.0
23068.0,Aaron Hagan,M,Wraps,29.0,97.6,242.5,250.0
19138.0,Eray Cingi,M,Single-ply,22.5,73.92,247.5,242.5
3798.0,Tim Hadden,M,Raw,45.0,139.7,252.5,255.0
14970.0,Evie Johnston,F,Raw,20.5,72.4,115.0,110.0
6814.0,Liam Binns,M,Raw,19.5,73.3,152.5,180.0
12376.0,Alec Sweeney,M,Raw,17.0,81.0,207.5,245.0
3105.0,Crystal Eakins,F,Raw,34.5,96.4,130.0,145.0
8085.0,Jordan Krogman,M,Raw,25.0,100.1,270.0,277.5
26826.0,Sean Bortnem,M,Raw,26.0,88.45,157.5,175.0
14759.0,Joseph Judd,M,Wraps,,121.93,256.28,294.84
23730.0,Annette Yoon,F,Raw,20.5,55.5,97.5,105.0
28096.0,Cyrus XI,M,Wraps,20.0,65.59,172.5,195.0
27923.0,Shaun Mallory,M,Raw,22.5,92.3,175.0,197.5
10572.0,Raissa Vogler,F,Raw,24.5,70.45,135.0,170.0
24156.0,Ivan Carrier,M,Raw,20.5,103.7,242.5,265.0
29611.0,Kevin Smith,M,Raw,32.0,59.28,95.0,167.5
19560.0,Matthew Pickard,M,Raw,45.5,92.5,187.5,240.0
15001.0,Vanessa Alvares,F,Raw,38.5,55.76,150.0,160.0
1339.0,Paige Conklin,F,Raw,17.5,85.8,90.0,132.5
15062.0,Angie Denny,F,Wraps,35.0,81.19,219.99,181.44
7900.0,Aleksandar Pelovski,M,Wraps,26.0,109.65,282.5,307.5
17959.0,Hassan El Belghiti,M,Single-ply,41.5,65.75,275.0,295.0
9091.0,Jim McGowan,M,Multi-ply,47.0,110.0,295.0,272.5
4143.0,Austin Steffens,M,Raw,17.0,103.4,225.0,232.5
21436.0,C.J. Maloy,M,Raw,,87.7,215.0,232.5
25687.0,Eric Garcia,M,Raw,,111.7,135.0,195.0
12848.0,Robert Messerli,M,Raw,28.0,74.0,205.0,237.5
14000.0,Benny Le,M,Raw,25.0,66.2,205.0,227.5
17672.0,Alexander Din,M,Raw,26.5,108.4,215.0,240.0
26728.0,Eric Celedon,M,Single-ply,15.0,82.5,133.81,151.95
8857.0,Brian Pearson,M,Single-ply,33.0,73.48,177.47,197.43
9722.0,Furkat Shafiev,M,Raw,44.0,80.7,100.0,130.0
27791.0,Gerard Dufour,M,Multi-ply,66.5,77.3,170.0,190.0
1972.0,Alberto Torres,M,Raw,17.5,113.8,182.5,205.0
7249.0,Kerlie Richemond,F,Raw,18.5,63.8,102.5,120.0
18928.0,Kathy Lange,F,Wraps,46.0,66.68,70.0,95.0
10309.0,Madison Hamilton,F,Raw,11.5,42.5,62.5,80.0
5198.0,Devon Daugirda,F,Raw,33.0,90.0,102.5,142.5
22964.0,Alex Creamer,M,Raw,23.0,74.0,192.5,225.0
19587.0,Sarah Thorn,F,Single-ply,16.5,46.81,93.0,111.1
6689.0,Cherish Lindgren,F,Raw,23.0,69.7,105.0,117.5
9132.0,Madison Batson,F,Raw,21.5,68.8,70.0,102.5
13538.0,Charles Binkley,M,Raw,27.0,81.3,227.5,267.5
10718.0,Alexander Sherman,M,Multi-ply,20.0,81.01,149.69,192.78
18972.0,John Haughney,M,Raw,30.5,131.5,302.5,330.0
23423.0,Gary Boulton,M,Multi-ply,51.5,133.2,345.0,311.0
4080.0,Sergey Sidorenko,M,Wraps,35.0,110.0,270.0,280.0
26445.0,Gage Bates,M,Raw,16.0,89.77,120.0,142.5
14331.0,Garrison Gless,M,Raw,25.5,100.1,222.3,256.3
25916.0,Jose Sepulveda,M,Wraps,32.0,78.1,245.0,270.0
10959.0,Michael Rutkowski,M,Wraps,33.0,104.14,251.74,249.48
8925.0,Anthony Baker,M,Raw,31.0,97.9,200.0,235.0
1921.0,Bakhit Kudaybergenov,M,Wraps,25.0,90.0,255.0,275.0
3208.0,Steve Somerman,M,Single-ply,52.0,73.14,209.9,197.43
25889.0,Darren Jones,M,Raw,26.5,102.5,215.0,260.0
29430.0,Eve Lundmark-Bourke,F,Wraps,29.0,102.2,130.0,145.0
8591.0,Sze Ching Choi,F,Raw,18.5,82.1,127.5,142.5
13118.0,Kay Martinez,F,Raw,25.0,89.8,187.5,187.5
3745.0,Sue Farley,F,Raw,56.5,61.25,87.5,97.5
17354.0,Tara Maier,F,Raw,19.0,74.16,143.5,165.0
13618.0,Randy Somma,M,Single-ply,26.5,59.5,172.5,172.5
13762.0,Alexander Burlakov,M,Raw,58.0,110.4,200.0,205.0
14657.0,Joshua Villa,M,Raw,21.5,80.9,242.5,260.0
499.0,Eli Wulfhorst,M,Raw,13.5,55.9,85.0,95.0
5199.0,Joshua Elliott,M,Raw,23.0,87.0,200.0,227.5
8285.0,Amanda Pierce,F,Raw,36.5,82.9,100.0,142.5
28412.0,Jeremy Smith,M,Wraps,23.0,72.94,192.78,219.99
10525.0,Allison Nathe,F,Wraps,41.0,105.5,145.0,152.5
23796.0,Justin Bartolazzi,M,Raw,16.5,123.65,185.0,217.5
19817.0,Adam Haley,M,Wraps,19.0,95.65,212.5,205.0
13640.0,Loren McCarthy,F,Raw,22.0,71.0,75.0,115.0
6.0,Anthony Martinez,M,Wraps,23.0,103.69,190.0,202.5
22369.0,George Seeger,M,Raw,22.5,91.7,210.0,280.0
96.0,Maria Rojas,F,Raw,19.5,74.0,140.0,170.0
22367.0,Jon Mashburn,M,Raw,41.0,104.6,205.0,237.5
11495.0,Mitchell Cowman,M,Single-ply,18.5,107.55,274.4,265.4
14636.0,Jason Sciacca,M,Wraps,37.0,93.9,305.0,297.5
21790.0,Christina Ennabe,F,Raw,29.5,56.7,102.5,112.5
3585.0,Makala Davis,F,Raw,23.0,98.07,107.5,145.0
2111.0,Mahealani Strong,F,Raw,39.0,98.8,135.0,200.0
15999.0,David Erhard,M,Wraps,53.0,118.1,185.0,230.0
26794.0,Maranna Bentley,F,Raw,,88.7,60.0,95.0
3694.0,Candie Le,F,Raw,,80.3,155.0,155.0
28116.0,Heidi Mitchell,F,Raw,17.5,79.4,102.5,127.5
21813.0,Taylor Senesac,F,Raw,16.5,110.0,115.0,122.5
18620.0,Benjamin Servais,M,Wraps,25.0,89.36,237.5,207.5
22199.0,Dilbag Singh,M,Raw,30.5,104.9,212.5,237.5
23260.0,Kelly Mahsem,F,Single-ply,16.5,73.3,154.2,158.8
11456.0,Jake Conley,M,Raw,17.0,75.0,145.0,190.0
9530.0,Sara Branco,F,Raw,36.0,89.4,112.5,147.5
20221.0,Larry Pope,M,Wraps,27.0,109.4,310.0,295.0
14649.0,Judy La,F,Raw,18.5,56.5,100.0,110.0
27748.0,Bailey Stettmeier,F,Raw,19.0,65.3,130.0,140.0
27653.0,Charles Thompson,M,Raw,32.5,92.7,185.0,225.0
17066.0,Corey Lovett,M,Wraps,36.0,98.88,272.16,244.94
8362.0,Hui-Chun Wu,F,Raw,25.5,56.7,130.0,172.5
10023.0,Michelle Yohara,F,Raw,25.0,70.75,132.5,160.0
3378.0,Jacob Holmes,M,Raw,16.0,92.6,102.5,142.5
26348.0,John Leonard,M,Raw,32.0,136.6,277.5,297.5
21032.0,Patti Coates,F,Raw,45.0,52.0,97.5,125.0
8274.0,Gia Long Pham,M,Raw,23.5,81.9,175.0,235.0
11537.0,Cameron Willis,M,Single-ply,16.0,97.34,187.5,190.0
13316.0,Jay Eager,M,Raw,19.5,97.95,202.5,242.5
20387.0,Kellen Chase,M,Raw,30.0,88.5,165.0,232.5
22046.0,Stephanie Whiting,F,Single-ply,68.5,43.8,65.0,92.5
12781.0,Gabriel Marquez,M,Raw,15.0,110.0,142.88,170.1
18903.0,Taylor Morgan,F,Raw,16.5,78.4,112.5,135.0
16711.0,Jarmaris Chaney,M,Raw,22.5,73.7,180.0,245.0
23589.0,Matt Huff,M,Raw,34.0,107.4,222.5,260.0
14725.0,Carlo Palazzolo,M,Raw,31.0,73.1,172.5,230.0
20958.0,Shelby Talon,F,Raw,21.0,65.0,145.0,182.5
1668.0,Phillip Roberts,M,Raw,28.0,86.7,210.0,245.0
24758.0,Peter Piperata,M,Raw,23.5,91.05,182.5,210.0
4336.0,Bryan Ellenberger,M,Raw,25.5,72.0,147.5,205.0
15543.0,Dustin Kueck,M,Raw,30.0,104.7,265.0,257.5
24409.0,Andrew Shouse,M,Single-ply,21.0,64.68,207.5,215.0
10990.0,Benjamin Calderone,M,Raw,16.0,87.75,175.0,190.0
12163.0,Makenzie Exner,F,Single-ply,13.5,75.0,92.5,105.0
4410.0,Sarah Sprouse,F,Wraps,18.0,66.0,110.0,125.0
2858.0,Ya-Ju Lee,M,Raw,21.5,88.61,187.5,205.0
10577.0,Jacob Carrasco,M,Raw,48.5,70.8,200.5,235.5
25785.0,Evan Young,M,Raw,22.5,93.0,205.0,220.0
462.0,Austin Maimone,M,Wraps,19.0,81.9,227.5,227.5
6224.0,Bethany Erskine,F,Raw,38.5,56.9,102.5,135.0
9574.0,Jeff Sperber,M,Raw,56.5,103.5,205.0,235.0
14983.0,Daniel Young,M,Raw,22.0,106.9,227.5,252.5
18397.0,Cynthia Line,F,Raw,48.5,69.8,132.5,152.5
5762.0,Christopher Shveska,M,Wraps,38.0,127.91,226.8,247.21
18605.0,Matthew Osborne,M,Raw,15.5,90.0,110.0,152.5
10772.0,Brennan Taylor,M,Single-ply,25.0,117.84,225.0,227.5
8525.0,Abby Kasper,F,Single-ply,14.5,65.73,102.1,136.1
21371.0,Richard Perrin,M,Raw,30.0,75.0,192.5,252.5
24540.0,Leah Russell,F,Raw,23.0,78.93,110.0,150.0
25627.0,Amir Fazeli,M,Raw,28.5,82.35,255.0,316.0
29902.0,Justin Newell,M,Single-ply,18.5,73.3,157.5,167.5
8686.0,Bonnie MacDonalf,F,Raw,28.5,65.5,127.5,165.0
4282.0,Dale Fink,M,Raw,27.5,118.0,227.5,250.0
22835.0,Sam Chapala,M,Wraps,35.0,92.08,136.08,129.27
16477.0,Adam Staab,M,Raw,31.0,73.2,200.0,207.5
17588.0,Quindon B John,M,Raw,15.0,86.55,172.37,192.78
7732.0,Fran Searles,F,Raw,31.0,67.8,125.0,160.0
17597.0,Robert Feldman,M,Wraps,61.0,80.29,172.37,210.92
26013.0,Aleksey Kotov,M,Wraps,36.0,133.6,310.0,280.0
20495.0,Alipate Mahanga,M,Raw,28.5,90.25,220.0,210.0
7403.0,Randy Bauer,M,Multi-ply,56.0,78.02,132.5,150.0
11887.0,Morgan Golden,F,Raw,17.0,55.8,82.5,122.5
20100.0,Matthew Waldron-Moir,M,Wraps,43.0,93.4,180.0,280.0
17546.0,David Campbell,M,Raw,27.0,88.7,207.5,262.5
2346.0,Gale Williams,F,Raw,69.5,62.9,62.5,92.5
22577.0,Keita Saito,M,Raw,22.5,85.6,185.0,217.5
27869.0,Jordan Lee,M,Raw,34.0,74.5,195.0,235.0
21040.0,Clayton Frank,M,Raw,19.0,80.83,165.0,200.0
12643.0,Raynie Exum,F,Single-ply,19.5,86.1,105.0,107.5
21285.0,Mike Fidanza,M,Raw,29.0,105.1,257.5,257.5
16689.0,Corbyn Arnold,M,Single-ply,23.0,109.86,330.0,327.5
27349.0,Anna Bailey,F,Wraps,26.0,56.0,82.5,112.5
14558.0,Bonnie Thomas,F,Single-ply,29.0,60.0,132.5,145.0
5436.0,Jarrett Francis,M,Raw,41.5,116.1,217.5,250.0
25614.0,Jim Suor,M,Wraps,37.0,106.68,185.0,217.5
16088.0,James Waldrop,M,Wraps,34.0,73.7,180.0,242.5
28780.0,Kayla Heal,F,Raw,24.0,77.2,160.0,192.5
10533.0,Alex Barajas,M,Raw,35.0,72.3,150.0,207.5
15544.0,CJ Norris,M,Wraps,22.0,99.0,270.0,272.5
8777.0,Mary Ann Smilovitis,F,Raw,27.5,47.0,75.0,95.0
18097.0,Michelle Ryan,F,Single-ply,22.5,51.9,130.0,110.0
6425.0,Nazar Lemets,M,Raw,17.5,81.62,190.0,235.0
20235.0,Nicole Leuzzi,F,Raw,21.0,59.5,97.5,140.0
16782.0,Luis Valdez,M,Single-ply,16.0,82.0,122.5,160.0
25354.0,Zoe Dellaportas,F,Raw,36.5,82.3,100.0,170.0
2974.0,Levi Perillo,M,Raw,26.5,124.7,320.0,287.5
878.0,Lenny Iosif,M,Raw,21.5,95.85,150.0,155.0
4756.0,Benjamin Lind,M,Raw,20.5,92.1,210.0,242.5
13977.0,Aysha Elayan,F,Raw,23.0,72.1,145.0,187.5
5556.0,Adam Sterner,M,Wraps,25.0,75.4,145.0,175.0
1288.0,Kristina Hartman,F,Raw,29.5,62.8,95.0,135.0
23708.0,Tri Nguyen,M,Raw,21.0,72.2,112.5,142.5
5871.0,Michael Cain,M,Raw,31.0,87.54,182.5,235.0
28745.0,Lulu Meraz,F,Raw,30.0,60.0,115.0,150.0
6714.0,Brandon Jeter,M,Raw,21.5,103.38,295.0,275.0
13211.0,Tina Enners,F,Wraps,48.0,98.6,102.5,137.5
9315.0,Manjot Jassal,M,Raw,,98.2,205.0,240.0
23964.0,Gregory Page,M,Single-ply,40.0,67.3,237.5,262.5
15415.0,Tiffany Chan,F,Wraps,20.0,59.0,92.5,120.0
345.0,Elishua Fleming,M,Raw,23.0,108.7,207.5,262.5
10612.0,Linda Long,F,Wraps,49.0,66.68,77.5,92.5
29485.0,Stuart Gyngell,M,Raw,51.5,145.7,255.0,250.0
23503.0,Adam Jussel,M,Raw,34.5,105.9,160.0,212.5
13707.0,William Duncan,M,Raw,57.0,175.1,225.0,215.0
16171.0,Batdorzh Batkhuyag,M,Wraps,22.0,56.4,145.0,180.0
26859.0,Nathan Gushwa,M,Wraps,35.0,97.89,180.0,205.0
9948.0,Dave Keong,M,Raw,40.5,108.2,247.5,270.0
11974.0,Anthony Nocera,M,Raw,19.0,98.07,182.5,215.0
10289.0,Cassandra Zenner,F,Raw,24.0,91.5,92.5,125.0
15411.0,Kawika Henderson,M,Wraps,28.0,88.9,235.0,255.0
2320.0,Athanasia Kanellopoulos,F,Raw,21.5,80.2,120.0,142.5
16995.0,Cassidy Cintron,F,Raw,,55.3,95.0,120.0
12769.0,Rainee Harder,F,Raw,35.0,51.3,45.0,82.5
4457.0,Sterling Harrison,M,Raw,25.0,89.2,195.0,252.5
21827.0,Alexandru Cazacu,M,Single-ply,18.5,91.9,240.0,220.0
27347.0,Yves Minelle Jean,M,Raw,49.5,118.2,180.0,230.0
25112.0,Carlos Avalos,M,Wraps,23.0,66.1,172.5,227.5
27683.0,Christina Richardson,F,Raw,24.0,117.6,140.0,185.0
10398.0,Joe Patterson,M,Raw,24.0,97.3,280.0,277.5
29429.0,Chadd Charland,M,Raw,41.5,82.6,205.0,262.5
23371.0,Nikko Vasquez,M,Raw,22.5,82.0,250.0,280.0
573.0,Stephen Bands,M,Raw,29.5,91.1,170.0,215.0
24937.0,Erle Engmark,F,Single-ply,21.5,62.74,182.5,192.5
7174.0,Sylvain Vallee,M,Raw,26.5,103.08,220.0,275.0
19057.0,Cindy Meeker,F,Wraps,54.0,67.5,117.93,142.88
17714.0,Salvatore Christopher,M,Raw,33.0,81.0,202.5,240.0
18655.0,Tate Glasgow,F,Wraps,40.0,59.1,110.0,140.0
16308.0,Emily Broughton,F,Raw,26.0,66.0,137.5,152.5
15402.0,Chris Angel,M,Raw,22.5,62.4,157.5,185.0
21080.0,Patrick Flynn,M,Raw,27.0,82.0,165.0,247.5
27102.0,Ka'lene Herbias,F,Raw,17.0,67.2,92.5,125.0
11135.0,Scott Gebert,M,Raw,26.5,117.2,200.0,230.0
2602.0,Nicholas Chapman,M,Wraps,19.0,82.1,190.0,237.5
4178.0,Lori Kenton,F,Raw,31.0,70.67,80.0,125.0
19677.0,Elizabeth Yanan,F,Raw,23.5,61.5,77.5,107.5
24009.0,Andre Sigure,M,Raw,24.5,105.4,272.5,317.5
19161.0,Evgeniy Vladimirov,M,Wraps,52.0,88.7,230.0,235.0
22994.0,Julia Bursten,F,Raw,29.5,75.2,125.0,155.0
15981.0,Chris Pappillion,M,Single-ply,33.0,109.95,350.0,320.0
24627.0,Jessica Tincher,F,Raw,33.0,84.64,117.5,162.5
18875.0,Marcus Sutphin,M,Raw,18.5,137.6,250.0,287.5
9539.0,JP Parke,M,Single-ply,18.5,73.0,210.0,227.5
2819.0,Quan Bui,M,Single-ply,16.0,73.07,137.5,170.0
28496.0,Mason Hall,M,Raw,22.0,72.2,182.5,235.0
7725.0,Jenney Ainsworth,F,Single-ply,17.5,51.6,75.0,75.0
24506.0,Randy Pocowatchit,M,Raw,43.5,99.7,182.5,205.0
29508.0,Robert Speno,M,Single-ply,,124.74,304.93,279.98
1450.0,Amy Spencer,F,Raw,22.5,69.92,135.0,150.0
12339.0,Susanna Virkkunen,F,Raw,41.5,69.77,120.0,185.0
20268.0,Mauro Soto,M,Raw,51.5,115.5,200.0,185.0
397.0,Anthony Cooke,M,Wraps,19.0,94.9,202.5,205.0
4867.0,Nicholas Huffman,M,Raw,23.0,81.6,192.5,205.0
4744.0,Martine Acanfora,F,Raw,21.5,55.0,87.5,110.0
2240.0,Shelby Rosi,F,Raw,16.0,59.24,57.5,70.0
8674.0,Julian Ulvang,M,Raw,54.5,91.29,220.0,250.0
9887.0,Yuliya Baranova,F,Wraps,22.0,59.8,110.0,110.0
9242.0,Megan Fahy,F,Wraps,21.0,73.8,92.5,145.0
16143.0,Rostislav Petkov,M,Single-ply,23.5,73.54,322.5,302.5
29111.0,John Winterfeld,M,Raw,21.0,88.4,190.0,207.5
7442.0,Michael Fennell,M,Raw,54.5,100.7,182.5,222.5
6906.0,Sydney Farris,F,Raw,15.0,49.95,85.0,105.0
6522.0,Bryan Peralta,M,Raw,22.0,81.9,212.5,252.5
29404.0,Anthony Bevilacqua,M,Raw,29.5,88.9,255.0,265.0
16612.0,Albert Miraflores,M,Raw,18.0,96.5,197.5,242.5
14992.0,Christina Lazo,F,Wraps,28.0,55.79,136.08,136.08
24360.0,Greg Baxter,M,Wraps,62.0,101.8,200.0,270.0
19793.0,Josh Ellis,M,Wraps,21.0,115.0,320.0,320.0
12585.0,Jerry Saldana,M,Single-ply,32.0,89.54,285.0,272.5
21605.0,Bonica Lough,F,Single-ply,19.0,89.7,227.5,210.0
22796.0,Louis Shawver,M,Raw,26.0,113.4,162.5,210.0
19286.0,Paola Hegerie,F,Raw,22.0,53.4,115.0,135.0
8351.0,CJ Reed,M,Raw,,74.7,152.5,210.0
92.0,Miranda Cooper,F,Wraps,17.0,56.0,92.5,82.5
13038.0,Mark Menslage,M,Single-ply,48.0,112.31,275.0,287.5
11872.0,Doug Carroll,M,Raw,56.0,106.6,205.0,275.0
17385.0,James Corey McManus,M,Raw,36.0,72.85,152.5,162.5
11733.0,Hans-Jörg Kälin,M,Single-ply,30.5,82.4,210.0,265.0
24314.0,Ellinor Svensson,F,Raw,28.5,82.56,177.5,190.0
23677.0,Stephanie VandeWeghe,F,Wraps,53.0,75.9,190.0,192.5
16966.0,Jeffrey Freeman,M,Raw,42.0,99.05,167.5,205.0
2730.0,Amber Bolton,F,Wraps,31.0,70.31,113.4,136.08
11222.0,Cameron Decker,M,Wraps,21.0,97.4,275.0,282.5
1483.0,Jake Conley,M,Raw,16.0,65.7,135.0,187.5
24133.0,Brandon Rojo,M,Raw,22.5,80.57,182.5,230.0
27253.0,Danielle Cahanap,F,Raw,26.5,56.4,115.0,150.0
26551.0,Holly Lammert,F,Raw,24.5,68.05,90.0,112.5
5982.0,Desi Hubbard,M,Multi-ply,29.0,106.32,390.0,310.0
13101.0,Joe Tavine,M,Wraps,39.0,118.4,275.0,240.0
21110.0,Sarah Dooley,F,Raw,36.0,67.5,117.5,132.5
22743.0,Ryan Jones,M,Wraps,22.0,89.4,215.0,245.0
9293.0,James Bird,M,Wraps,33.0,96.6,237.5,247.5
6909.0,Shaban Saeid,M,Raw,31.0,110.0,240.0,255.0
27272.0,Jacob Lucheon,M,Raw,25.0,80.4,202.5,237.5
7042.0,Bryce Cleary,M,Wraps,46.0,82.3,235.0,220.0
6628.0,Riki Napiorkowski,F,Raw,29.5,83.0,150.0,185.0
27596.0,Simran Gill,M,Raw,23.0,165.8,145.0,180.0
18367.0,Gustavo Gonzales,M,Raw,32.0,79.83,172.5,212.5
20489.0,Becca Lamar,F,Raw,27.0,79.0,140.0,155.0
29689.0,Elisabeth Wahlander,F,Single-ply,56.5,69.4,172.5,172.5
11306.0,Joshua Brown,M,Raw,18.5,119.8,240.0,290.0
24178.0,Jake Ronan,M,Raw,20.5,80.35,212.5,235.0
7364.0,Dietrich Clark-Robinson,M,Raw,13.5,92.2,67.5,127.5
28701.0,Pleasure Jackson,M,Raw,30.0,127.8,152.5,230.0
26689.0,Sara Colon,F,Raw,20.0,54.4,105.0,140.0
15956.0,Corey Burns,M,Raw,32.5,86.6,172.5,205.0
18109.0,Kaleb Hairston,M,Raw,18.0,79.1,237.5,252.5
24013.0,Kailey Jones,F,Single-ply,16.5,81.55,200.0,185.0
351.0,Noah Stangby,M,Raw,23.0,89.99,230.0,272.5
8299.0,Thomas Sanchez,M,Raw,35.5,72.9,182.5,192.5
3876.0,Kyle Stoner,M,Wraps,28.0,98.6,250.0,250.0
11153.0,Dillon Andres,M,Wraps,25.0,119.8,240.0,285.0
10300.0,Chi-Sen Tien,M,Single-ply,22.5,121.11,400.0,345.0
21713.0,Kenzie Svoboda,F,Single-ply,16.5,55.3,130.0,147.5
14443.0,Jake Hartman,M,Raw,28.0,89.8,287.5,322.5
16765.0,Dominic Signorino,M,Wraps,20.0,79.5,160.0,197.5
26930.0,Teela Brewer,F,Wraps,24.0,55.11,137.5,137.5
21347.0,Delight Curtis,F,Wraps,41.0,62.5,102.5,127.5
742.0,Caleb Scheel,M,Raw,47.5,72.9,117.5,67.5
11352.0,Elmira Abdullaeva,F,Single-ply,18.5,46.35,142.5,135.0
3064.0,Steven Tenorio,M,Raw,20.0,79.0,182.5,190.0
27494.0,Shane Van Erp,M,Single-ply,33.5,125.2,240.0,275.0
23734.0,Frank Martorana,M,Raw,23.0,87.86,192.5,230.0
14510.0,Tim Mcgarry,M,Raw,37.5,90.8,172.5,230.0
8651.0,Ty Lewis,M,Raw,38.0,74.1,175.0,210.0
27922.0,Jill Joiner-Wong,F,Raw,44.5,67.6,137.5,140.0
25880.0,Jay Brueggeman,M,Wraps,36.0,122.7,325.0,302.5
15547.0,Joseph Best,M,Raw,22.5,92.38,245.0,295.0
29696.0,Alexander Kang,M,Single-ply,26.0,65.0,207.5,212.5
25269.0,Sarah Hertzler,F,Raw,19.5,68.9,117.5,132.5
18551.0,Andrew Sealey,M,Raw,20.5,73.85,187.5,220.0
5210.0,Kevin Tran,M,Raw,21.5,73.0,182.5,197.5
15912.0,Leanne Lin,F,Raw,26.0,58.7,85.0,90.0
17462.0,Dion Mepham,M,Raw,44.0,107.8,210.0,235.0
1087.0,Esther Suzuki,F,Raw,23.0,67.0,107.5,132.5
7132.0,Brandon Ostrander,M,Wraps,25.0,75.0,185.97,102.06
9995.0,Amanda Micka,F,Wraps,43.0,71.5,135.0,160.0
27046.0,Alison Hardy,F,Raw,34.0,75.9,120.0,137.5
29017.0,Scott Baquet,M,Wraps,29.0,115.58,215.0,250.0
18837.0,Cliff Hoenie,M,Wraps,32.0,108.0,210.0,250.0
18197.0,Sovanndara Y,M,Raw,15.0,52.0,88.45,83.91
15643.0,Omar Bikle,M,Raw,20.0,119.93,200.0,237.5
4579.0,William Brown,M,Raw,24.0,101.9,232.5,225.0
11378.0,Malinda Barnes,F,Wraps,37.0,74.9,157.5,182.5
1053.0,Max Peterson,M,Wraps,19.0,99.79,182.5,212.5
12217.0,John-Henry Hendley,M,Raw,17.5,64.3,135.0,160.0
18917.0,Lenny Wicks,M,Raw,28.0,87.5,282.5,302.5
20777.0,Ed DeSantis,M,Wraps,27.0,105.69,206.38,219.99
14097.0,Maureen Harty,F,Raw,42.0,69.4,82.5,100.0
21849.0,Martina Solis,F,Wraps,29.0,91.9,132.5,152.5
19436.0,Kermo Parn,M,Raw,18.5,69.47,170.0,200.0
4580.0,Sergey Odegov,M,Wraps,40.0,141.2,370.0,365.0
19594.0,Elisha Santicci,F,Wraps,21.0,59.42,90.72,88.45
18107.0,Tara Maier,F,Wraps,20.0,80.83,165.0,187.5
23966.0,Chris Guest,M,Wraps,28.0,122.74,192.5,237.5
24870.0,Ryan Stinn,M,Single-ply,35.5,144.25,385.0,295.0
11994.0,Ian Bernard,M,Raw,35.0,89.8,175.0,255.0
25337.0,Thomas McNeil,M,Multi-ply,58.0,74.3,229.06,217.72
6214.0,Lindsey Sauter,F,Raw,23.0,42.4,70.0,92.5
28061.0,Christian Rojas,M,Raw,27.0,79.4,165.0,205.0
10673.0,Jaimie Clarke,M,Raw,31.5,57.6,85.0,152.5
19960.0,Jordan Schultz,M,Raw,32.0,97.5,160.0,202.5
4206.0,Kerrick Hamilton,M,Raw,42.0,90.0,205.0,215.0
21343.0,Shawn Ahuja,M,Raw,19.5,87.5,177.5,250.0
13432.0,Nick Ockrim,M,Wraps,29.0,124.3,330.0,330.0
10867.0,Megan McCoy,F,Raw,22.5,71.5,117.5,150.0
26691.0,Xingjian Han,M,Raw,19.5,102.75,235.0,252.5
21741.0,Heidi Howar,F,Multi-ply,28.0,66.09,250.0,220.0
3547.0,Joe Beer,M,Raw,22.5,72.35,165.0,205.0
25698.0,Marcelo Silva,M,Single-ply,30.5,82.65,285.0,275.0
1118.0,Martina Ruiz,F,Single-ply,16.5,56.8,87.5,115.0
4706.0,Kendra Bryant,F,Raw,30.5,77.3,120.0,140.0
25162.0,Phil Middleton,M,Single-ply,40.5,113.2,300.0,285.0
16671.0,Damian Solis,M,Wraps,24.0,123.2,240.4,299.37
626.0,Mandy Berreth,F,Raw,42.5,71.9,95.0,132.5
2884.0,Mark Michael,M,Wraps,24.0,105.91,210.0,217.5
18415.0,Matej Roller,M,Single-ply,20.5,107.9,250.0,230.0